order_id,order_date,customer_id,product_id,quantity,unit_price,discount,channel,payment_id,payment_method,payment_status,paid_at,net_sales
ORD000001,2026-01-08 17:11:00,C0158,P039,2,940.5,0.0,Marketplace,PAY000001,Bank Transfer,PAID,2026-01-08T17:30:00,1881.0
ORD000002,2026-01-12 20:13:00,C0123,P038,1,12900.0,0.1,Mobile App,PAY000002,Bank Transfer,PAID,2026-01-12T22:58:00,11610.0
ORD000003,2026-01-26 14:00:00,C0119,P031,3,1415.5,0.05,Web,PAY000003,PromptPay,PAID,2026-01-26T14:03:00,4034.1749999999997
ORD000004,2026-01-18 16:18:00,C0065,P003,2,25900.0,0.0,Mobile App,PAY000004,Bank Transfer,PAID,2026-01-18T18:24:00,51800.0
ORD000005,2026-01-08 17:43:00,C0129,P007,2,23310.0,0.05,Mobile App,PAY000005,Credit Card,PAID,2026-01-08T20:03:00,44289.0
ORD000006,2026-01-23 11:50:00,C0097,P037,2,27195.0,0.0,Mobile App,PAY000006,Bank Transfer,PAID,2026-01-23T12:37:00,54390.0
ORD000007,2026-01-24 07:03:00,C0139,P001,1,284.05,0.0,Web,PAY000007,Bank Transfer,PAID,2026-01-24T09:09:00,284.05
ORD000010,2026-01-07 03:12:00,C0100,P017,2,990.0,0.1,Mobile App,PAY000010,Bank Transfer,PAID,2026-01-07T04:36:00,1782.0
ORD000011,2026-01-12 14:34:00,C0120,P028,2,313.95,0.0,Web,PAY000011,Credit Card,PAID,2026-01-12T16:27:00,627.9
ORD000012,2026-01-08 22:35:00,C0141,P008,2,449.1,0.05,Marketplace,PAY000012,Bank Transfer,PAID,2026-01-08T23:43:00,853.29
ORD000013,2026-01-27 22:41:00,C0110,P002,2,1341.0,0.0,Mobile App,PAY000013,Bank Transfer,PAID,2026-01-28T01:23:00,2682.0
ORD000014,2026-01-20 07:11:00,C0142,P017,4,990.0,0.0,Marketplace,PAY000014,Credit Card,PAID,2026-01-20T09:42:00,3960.0
ORD000015,2026-01-04 13:47:00,C0151,P018,2,4189.5,0.0,Web,PAY000015,Bank Transfer,PAID,2026-01-04T15:28:00,8379.0
ORD000016,2026-01-18 06:47:00,C0072,P006,1,313.95,0.0,Mobile App,PAY000016,Bank Transfer,PAID,2026-01-18T07:49:00,313.95
ORD000017,2026-01-27 00:37:00,C0048,P019,2,3591.0,0.0,Mobile App,PAY000017,Bank Transfer,PAID,2026-01-27T03:19:00,7182.0
ORD000018,2026-01-05 02:59:00,C0037,P001,3,299.0,0.0,Marketplace,PAY000018,Bank Transfer,PAID,2026-01-05T03:24:00,897.0
ORD000019,2026-01-14 22:23:00,C0159,P019,1,4189.5,0.1,Web,PAY000019,PromptPay,PAID,2026-01-15T00:15:00,3770.55
ORD000020,2026-01-08 21:53:00,C0115,P007,1,25900.0,0.0,Web,PAY000020,Credit Card,PAID,2026-01-08T22:34:00,25900.0
ORD000021,2026-01-18 02:04:00,C0007,P007,1,27195.0,0.05,Web,PAY000021,Bank Transfer,PAID,2026-01-18T03:13:00,25835.25
ORD000024,2026-01-28 11:43:00,C0042,P033,1,13545.0,0.0,Marketplace,PAY000024,Bank Transfer,PAID,2026-01-28T13:44:00,13545.0
ORD000025,2026-01-07 13:04:00,C0079,P011,1,25900.0,0.0,Web,PAY000025,Credit Card,PAID,2026-01-07T15:39:00,25900.0
ORD000026,2026-01-04 19:15:00,C0107,P008,1,499.0,0.0,Mobile App,PAY000026,Credit Card,PAID,2026-01-04T20:27:00,499.0
ORD000027,2026-01-23 14:12:00,C0143,P019,2,3790.5,0.1,Web,PAY000027,Credit Card,PAID,2026-01-23T15:21:00,6822.900000000001
ORD000028,2026-01-08 05:59:00,C0139,P013,4,523.95,0.0,Mobile App,PAY000028,Credit Card,PAID,2026-01-08T08:06:00,2095.8
ORD000030,2026-01-10 12:26:00,C0003,P006,1,299.0,0.05,Mobile App,PAY000030,PromptPay,PAID,2026-01-10T14:50:00,284.05
ORD000031,2026-01-16 18:33:00,C0087,P027,1,24605.0,0.0,Web,PAY000031,PromptPay,PAID,2026-01-16T18:52:00,24605.0
ORD000032,2026-01-01 14:52:00,C0085,P035,1,25900.0,0.0,Mobile App,PAY000032,Bank Transfer,PAID,2026-01-01T17:21:00,25900.0
ORD000034,2026-01-24 06:21:00,C0044,P005,1,313.95,0.0,Web,PAY000034,PromptPay,PAID,2026-01-24T06:44:00,313.95
ORD000035,2026-01-16 21:39:00,C0045,P033,3,12900.0,0.0,Marketplace,PAY000035,PromptPay,PAID,2026-01-17T00:12:00,38700.0
ORD000036,2026-01-21 10:30:00,C0043,P005,1,299.0,0.0,Mobile App,PAY000036,Credit Card,PAID,2026-01-21T13:28:00,299.0
ORD000037,2026-01-20 00:56:00,C0108,P017,4,990.0,0.0,Web,PAY000037,PromptPay,PAID,2026-01-20T03:11:00,3960.0
ORD000038,2026-01-18 01:57:00,C0008,P009,1,284.05,0.05,Mobile App,PAY000038,PromptPay,PAID,2026-01-18T03:21:00,269.8475
ORD000039,2026-01-28 20:23:00,C0126,P004,2,1415.5,0.0,Marketplace,PAY000039,PromptPay,PAID,2026-01-28T20:25:00,2831.0
ORD000040,2026-01-15 23:19:00,C0086,P021,1,23310.0,0.0,Marketplace,PAY000040,PromptPay,PAID,2026-01-16T00:12:00,23310.0
ORD000041,2026-01-11 12:38:00,C0008,P034,2,284.05,0.0,Web,PAY000041,Credit Card,PAID,2026-01-11T14:36:00,568.1
ORD000042,2026-01-21 15:59:00,C0114,P032,1,25900.0,0.0,Marketplace,PAY000042,Credit Card,PAID,2026-01-21T17:17:00,25900.0
ORD000043,2026-01-03 08:15:00,C0006,P018,1,3790.5,0.05,Web,PAY000043,Bank Transfer,PAID,2026-01-03T09:31:00,3600.975
ORD000045,2026-01-16 19:17:00,C0068,P019,3,3990.0,0.0,Marketplace,PAY000045,Bank Transfer,PAID,2026-01-16T19:47:00,11970.0
ORD000046,2026-01-21 21:21:00,C0097,P026,2,12900.0,0.1,Mobile App,PAY000046,Bank Transfer,PAID,2026-01-21T22:17:00,23220.0
ORD000047,2026-01-01 07:56:00,C0100,P038,4,11610.0,0.0,Web,PAY000047,PromptPay,PAID,2026-01-01T09:44:00,46440.0
ORD000048,2026-01-13 07:59:00,C0040,P038,2,12900.0,0.0,Marketplace,PAY000048,PromptPay,PAID,2026-01-13T09:30:00,25800.0
ORD000049,2026-01-18 00:12:00,C0059,P019,1,3990.0,0.05,Mobile App,PAY000049,PromptPay,PAID,2026-01-18T01:04:00,3790.5
ORD000050,2026-01-09 02:38:00,C0067,P006,1,313.95,0.0,Web,PAY000050,Bank Transfer,PAID,2026-01-09T04:32:00,313.95
ORD000051,2026-01-24 03:14:00,C0035,P039,4,990.0,0.0,Marketplace,PAY000051,Credit Card,PAID,2026-01-24T04:27:00,3960.0
ORD000052,2026-01-18 11:03:00,C0079,P035,1,23310.0,0.0,Mobile App,PAY000052,Credit Card,PAID,2026-01-18T12:24:00,23310.0
ORD000053,2026-01-16 20:25:00,C0113,P019,4,3990.0,0.05,Marketplace,PAY000053,Credit Card,PAID,2026-01-16T22:54:00,15162.0
ORD000054,2026-01-01 18:10:00,C0046,P035,1,25900.0,0.1,Marketplace,PAY000054,Bank Transfer,PAID,2026-01-01T19:13:00,23310.0
ORD000055,2026-01-07 14:06:00,C0132,P027,2,23310.0,0.0,Marketplace,PAY000055,Credit Card,PAID,2026-01-07T16:03:00,46620.0
ORD000057,2026-01-20 22:46:00,C0054,P039,2,990.0,0.0,Marketplace,PAY000057,Bank Transfer,PAID,2026-01-20T23:31:00,1980.0
ORD000058,2026-01-16 05:55:00,C0096,P038,2,13545.0,0.05,Mobile App,PAY000058,PromptPay,PAID,2026-01-16T07:21:00,25735.5
ORD000059,2026-01-22 06:56:00,C0038,P005,1,284.05,0.0,Mobile App,PAY000059,Bank Transfer,PAID,2026-01-22T07:08:00,284.05
ORD000060,2026-01-15 09:26:00,C0057,P005,1,299.0,0.1,Mobile App,PAY000060,Credit Card,PAID,2026-01-15T12:01:00,269.1
ORD000061,2026-01-08 12:44:00,C0102,P023,2,313.95,0.1,Mobile App,PAY000061,Bank Transfer,PAID,2026-01-08T12:47:00,565.11
ORD000062,2026-01-09 13:10:00,C0036,P020,3,499.0,0.0,Marketplace,PAY000062,PromptPay,PAID,2026-01-09T15:05:00,1497.0
ORD000063,2026-01-08 01:20:00,C0034,P025,3,27195.0,0.0,Marketplace,PAY000063,Credit Card,PAID,2026-01-08T04:07:00,81585.0
ORD000064,2026-01-07 21:17:00,C0152,P014,1,1039.5,0.1,Web,PAY000064,Credit Card,PAID,2026-01-07T21:33:00,935.5500000000001
ORD000065,2026-01-20 12:44:00,C0160,P031,3,1490.0,0.0,Web,PAY000065,Bank Transfer,PAID,2026-01-20T15:03:00,4470.0
ORD000067,2026-01-11 23:34:00,C0125,P035,1,25900.0,0.0,Mobile App,PAY000067,Credit Card,PAID,2026-01-12T02:25:00,25900.0
ORD000068,2026-01-15 21:59:00,C0052,P039,1,940.5,0.05,Mobile App,PAY000068,PromptPay,PAID,2026-01-16T00:21:00,893.4749999999999
ORD000069,2026-01-09 12:18:00,C0081,P039,1,1039.5,0.0,Web,PAY000069,Credit Card,PAID,2026-01-09T14:32:00,1039.5
ORD000070,2026-01-28 09:39:00,C0069,P014,4,1039.5,0.0,Marketplace,PAY000070,Bank Transfer,PAID,2026-01-28T12:02:00,4158.0
ORD000071,2026-01-01 22:56:00,C0021,P008,1,523.95,0.0,Web,PAY000071,Credit Card,PAID,2026-01-02T00:10:00,523.95
ORD000072,2026-01-24 22:09:00,C0028,P032,4,23310.0,0.05,Mobile App,PAY000072,Credit Card,PAID,2026-01-24T22:55:00,88578.0
ORD000073,2026-01-13 05:31:00,C0009,P022,1,474.05,0.0,Web,PAY000073,Credit Card,PAID,2026-01-13T07:28:00,474.05
ORD000074,2026-01-17 10:33:00,C0110,P031,4,1490.0,0.0,Marketplace,PAY000074,Credit Card,PAID,2026-01-17T11:45:00,5960.0
ORD000075,2026-01-22 08:13:00,C0039,P007,2,24605.0,0.05,Web,PAY000075,Credit Card,PAID,2026-01-22T08:15:00,46749.5
ORD000077,2026-01-08 04:24:00,C0143,P026,2,12255.0,0.0,Web,PAY000077,PromptPay,PAID,2026-01-08T04:29:00,24510.0
ORD000078,2026-01-22 17:21:00,C0070,P017,1,1039.5,0.05,Marketplace,PAY000078,Bank Transfer,PAID,2026-01-22T17:34:00,987.525
ORD000079,2026-01-05 10:50:00,C0005,P037,1,25900.0,0.1,Mobile App,PAY000079,Bank Transfer,PAID,2026-01-05T13:47:00,23310.0
ORD000080,2026-01-28 17:30:00,C0008,P019,3,4189.5,0.05,Marketplace,PAY000080,Bank Transfer,PAID,2026-01-28T19:57:00,11940.074999999999
ORD000081,2026-01-11 02:57:00,C0061,P018,4,3591.0,0.0,Web,PAY000081,Credit Card,PAID,2026-01-11T03:07:00,14364.0
ORD000082,2026-01-21 18:06:00,C0147,P020,2,474.05,0.1,Marketplace,PAY000082,PromptPay,PAID,2026-01-21T18:30:00,853.2900000000001
ORD000083,2026-01-17 01:19:00,C0070,P021,1,25900.0,0.0,Web,PAY000083,PromptPay,PAID,2026-01-17T01:51:00,25900.0
ORD000084,2026-01-27 07:52:00,C0132,P026,1,11610.0,0.0,Web,PAY000084,PromptPay,PAID,2026-01-27T08:53:00,11610.0
ORD000085,2026-01-20 05:05:00,C0145,P003,2,24605.0,0.0,Mobile App,PAY000085,Credit Card,PAID,2026-01-20T07:24:00,49210.0
ORD000086,2026-01-22 09:30:00,C0038,P015,4,269.1,0.0,Web,PAY000086,Bank Transfer,PAID,2026-01-22T12:16:00,1076.4
ORD000087,2026-01-25 05:31:00,C0068,P001,3,299.0,0.0,Web,PAY000087,Credit Card,PAID,2026-01-25T08:13:00,897.0
ORD000088,2026-01-28 21:16:00,C0118,P024,2,284.05,0.1,Web,PAY000088,PromptPay,PAID,2026-01-28T22:57:00,511.29
ORD000089,2026-01-26 04:55:00,C0070,P026,1,12900.0,0.0,Web,PAY000089,PromptPay,PAID,2026-01-26T07:40:00,12900.0
ORD000090,2026-01-19 00:37:00,C0083,P038,1,12900.0,0.0,Marketplace,PAY000090,Bank Transfer,PAID,2026-01-19T01:32:00,12900.0
ORD000091,2026-01-18 10:20:00,C0156,P037,1,25900.0,0.05,Mobile App,PAY000091,PromptPay,PAID,2026-01-18T12:55:00,24605.0
ORD000092,2026-01-16 20:33:00,C0086,P006,1,313.95,0.0,Web,PAY000092,Credit Card,PAID,2026-01-16T21:27:00,313.95
ORD000094,2026-01-05 03:21:00,C0014,P012,1,1039.5,0.1,Marketplace,PAY000094,Bank Transfer,PAID,2026-01-05T06:00:00,935.5500000000001
ORD000095,2026-01-01 19:36:00,C0062,P020,2,499.0,0.0,Web,PAY000095,Credit Card,PAID,2026-01-01T20:33:00,998.0
ORD000096,2026-01-26 20:50:00,C0090,P024,2,284.05,0.0,Mobile App,PAY000096,Credit Card,PAID,2026-01-26T22:11:00,568.1
ORD000097,2026-01-16 01:11:00,C0008,P009,4,299.0,0.0,Marketplace,PAY000097,PromptPay,PAID,2026-01-16T01:43:00,1196.0
ORD000098,2026-01-14 04:53:00,C0099,P016,2,1490.0,0.1,Marketplace,PAY000098,Credit Card,PAID,2026-01-14T06:37:00,2682.0
ORD000099,2026-01-24 06:51:00,C0136,P039,3,1039.5,0.0,Mobile App,PAY000099,PromptPay,PAID,2026-01-24T08:38:00,3118.5
ORD000100,2026-01-05 13:19:00,C0014,P038,2,13545.0,0.0,Mobile App,PAY000100,Bank Transfer,PAID,2026-01-05T15:44:00,27090.0
ORD000102,2026-01-05 07:29:00,C0078,P002,4,1341.0,0.05,Mobile App,PAY000102,Bank Transfer,PAID,2026-01-05T09:52:00,5095.8
ORD000103,2026-01-11 07:18:00,C0079,P014,1,940.5,0.1,Web,PAY000103,Credit Card,PAID,2026-01-11T08:32:00,846.45
ORD000104,2026-01-13 17:48:00,C0157,P036,2,299.0,0.1,Marketplace,PAY000104,Credit Card,PAID,2026-01-13T19:26:00,538.2
ORD000105,2026-01-07 02:25:00,C0099,P002,2,1341.0,0.1,Mobile App,PAY000105,Credit Card,PAID,2026-01-07T03:54:00,2413.8
ORD000107,2026-01-23 21:07:00,C0065,P023,2,299.0,0.0,Web,PAY000107,Credit Card,PAID,2026-01-23T23:36:00,598.0
ORD000108,2026-01-17 22:05:00,C0138,P029,4,3990.0,0.0,Web,PAY000108,Credit Card,PAID,2026-01-17T23:54:00,15960.0
ORD000109,2026-01-19 03:38:00,C0140,P033,1,13545.0,0.0,Web,PAY000109,Credit Card,PAID,2026-01-19T06:35:00,13545.0
ORD000110,2026-01-27 22:29:00,C0066,P002,3,1341.0,0.0,Marketplace,PAY000110,PromptPay,PAID,2026-01-28T00:24:00,4023.0
ORD000111,2026-01-04 17:27:00,C0146,P008,3,449.1,0.0,Mobile App,PAY000111,Credit Card,PAID,2026-01-04T19:04:00,1347.3000000000002
ORD000113,2026-01-03 06:56:00,C0024,P027,3,24605.0,0.0,Mobile App,PAY000113,Bank Transfer,PAID,2026-01-03T09:53:00,73815.0
ORD000114,2026-01-01 13:09:00,C0050,P014,3,1039.5,0.0,Web,PAY000114,PromptPay,PAID,2026-01-01T14:03:00,3118.5
ORD000115,2026-01-21 07:56:00,C0085,P009,4,313.95,0.0,Mobile App,PAY000115,Bank Transfer,PAID,2026-01-21T10:17:00,1255.8
ORD000116,2026-01-24 08:29:00,C0073,P002,4,1341.0,0.0,Web,PAY000116,Bank Transfer,PAID,2026-01-24T10:09:00,5364.0
ORD000117,2026-01-09 09:51:00,C0012,P016,1,1415.5,0.0,Marketplace,PAY000117,Bank Transfer,PAID,2026-01-09T10:26:00,1415.5
ORD000118,2026-01-21 07:02:00,C0075,P025,1,23310.0,0.05,Web,PAY000118,Bank Transfer,PAID,2026-01-21T08:33:00,22144.5
ORD000119,2026-01-25 09:48:00,C0007,P022,1,449.1,0.0,Web,PAY000119,Bank Transfer,PAID,2026-01-25T10:43:00,449.1
ORD000120,2026-01-15 14:33:00,C0092,P020,4,499.0,0.0,Web,PAY000120,PromptPay,PAID,2026-01-15T16:33:00,1996.0
ORD000122,2026-01-08 11:24:00,C0051,P010,3,891.0,0.1,Mobile App,PAY000122,PromptPay,PAID,2026-01-08T11:27:00,2405.7000000000003
ORD000123,2026-01-08 18:25:00,C0035,P024,1,313.95,0.0,Mobile App,PAY000123,Bank Transfer,PAID,2026-01-08T19:08:00,313.95
ORD000124,2026-01-15 01:56:00,C0012,P007,1,27195.0,0.05,Web,PAY000124,PromptPay,PAID,2026-01-15T04:09:00,25835.25
ORD000125,2026-01-24 01:22:00,C0155,P003,1,25900.0,0.0,Web,PAY000125,PromptPay,PAID,2026-01-24T02:51:00,25900.0
ORD000126,2026-01-03 20:15:00,C0056,P022,1,523.95,0.05,Marketplace,PAY000126,Credit Card,PAID,2026-01-03T20:33:00,497.7525
ORD000127,2026-01-27 13:30:00,C0060,P040,3,3790.5,0.05,Mobile App,PAY000127,Bank Transfer,PAID,2026-01-27T15:29:00,10802.925
ORD000128,2026-01-13 09:03:00,C0138,P012,3,940.5,0.0,Mobile App,PAY000128,Credit Card,PAID,2026-01-13T09:29:00,2821.5
ORD000129,2026-01-24 16:44:00,C0098,P031,1,1490.0,0.0,Mobile App,PAY000129,PromptPay,PAID,2026-01-24T17:25:00,1490.0
ORD000131,2026-01-03 03:34:00,C0101,P010,2,891.0,0.05,Marketplace,PAY000131,Bank Transfer,PAID,2026-01-03T05:17:00,1692.8999999999999
ORD000132,2026-01-28 02:40:00,C0146,P022,1,523.95,0.1,Marketplace,PAY000132,Credit Card,PAID,2026-01-28T03:12:00,471.55500000000006
ORD000133,2026-01-11 15:42:00,C0078,P008,3,449.1,0.0,Marketplace,PAY000133,Credit Card,PAID,2026-01-11T17:27:00,1347.3000000000002
ORD000134,2026-01-08 15:18:00,C0007,P018,2,3591.0,0.05,Marketplace,PAY000134,Bank Transfer,PAID,2026-01-08T16:18:00,6822.9
ORD000135,2026-01-15 04:33:00,C0076,P027,2,25900.0,0.05,Mobile App,PAY000135,Credit Card,PAID,2026-01-15T05:23:00,49210.0
ORD000136,2026-01-18 05:28:00,C0052,P003,2,25900.0,0.0,Mobile App,PAY000136,PromptPay,PAID,2026-01-18T05:57:00,51800.0
ORD000137,2026-01-07 00:33:00,C0003,P039,2,990.0,0.05,Marketplace,PAY000137,PromptPay,PAID,2026-01-07T00:39:00,1881.0
ORD000138,2026-01-08 13:50:00,C0145,P030,1,474.05,0.1,Mobile App,PAY000138,Credit Card,PAID,2026-01-08T13:54:00,426.64500000000004
ORD000139,2026-01-05 03:18:00,C0075,P016,1,1490.0,0.0,Web,PAY000139,Credit Card,PAID,2026-01-05T05:45:00,1490.0
ORD000140,2026-01-04 00:24:00,C0132,P023,1,269.1,0.05,Marketplace,PAY000140,Credit Card,PAID,2026-01-04T00:39:00,255.645
ORD000141,2026-01-14 11:29:00,C0069,P011,2,23310.0,0.0,Web,PAY000141,Credit Card,PAID,2026-01-14T11:56:00,46620.0
ORD000143,2026-01-18 23:04:00,C0133,P007,1,25900.0,0.05,Web,PAY000143,Credit Card,PAID,2026-01-19T00:29:00,24605.0
ORD000145,2026-01-11 18:33:00,C0142,P009,1,313.95,0.1,Web,PAY000145,Credit Card,PAID,2026-01-11T19:39:00,282.555
ORD000146,2026-01-13 00:04:00,C0096,P023,1,299.0,0.0,Marketplace,PAY000146,Bank Transfer,PAID,2026-01-13T00:08:00,299.0
ORD000147,2026-01-24 10:34:00,C0114,P001,1,299.0,0.0,Marketplace,PAY000147,Bank Transfer,PAID,2026-01-24T12:27:00,299.0
ORD000149,2026-01-04 10:57:00,C0033,P028,1,299.0,0.05,Mobile App,PAY000149,Bank Transfer,PAID,2026-01-04T12:47:00,284.05
ORD000150,2026-01-11 10:12:00,C0067,P033,2,12900.0,0.0,Mobile App,PAY000150,Bank Transfer,PAID,2026-01-11T12:02:00,25800.0
ORD000151,2026-01-06 02:33:00,C0004,P036,1,269.1,0.0,Mobile App,PAY000151,Credit Card,PAID,2026-01-06T05:16:00,269.1
ORD000152,2026-01-20 15:01:00,C0026,P040,2,3990.0,0.0,Marketplace,PAY000152,Bank Transfer,PAID,2026-01-20T15:53:00,7980.0
ORD000153,2026-01-08 04:09:00,C0120,P011,1,25900.0,0.0,Mobile App,PAY000153,Credit Card,PAID,2026-01-08T04:54:00,25900.0
ORD000154,2026-01-04 03:08:00,C0047,P009,4,299.0,0.0,Marketplace,PAY000154,PromptPay,PAID,2026-01-04T05:58:00,1196.0
ORD000155,2026-01-19 06:03:00,C0130,P014,4,990.0,0.0,Web,PAY000155,PromptPay,PAID,2026-01-19T07:13:00,3960.0
ORD000156,2026-01-07 14:35:00,C0014,P001,2,269.1,0.0,Marketplace,PAY000156,PromptPay,PAID,2026-01-07T15:45:00,538.2
ORD000157,2026-01-13 09:28:00,C0054,P024,1,299.0,0.0,Marketplace,PAY000157,Credit Card,PAID,2026-01-13T11:34:00,299.0
ORD000158,2026-01-14 21:41:00,C0073,P027,1,23310.0,0.05,Web,PAY000158,Bank Transfer,PAID,2026-01-14T22:07:00,22144.5
ORD000159,2026-01-08 21:42:00,C0141,P006,1,284.05,0.05,Mobile App,PAY000159,Credit Card,PAID,2026-01-08T23:30:00,269.8475
ORD000160,2026-01-15 17:15:00,C0059,P014,2,990.0,0.0,Mobile App,PAY000160,Credit Card,PAID,2026-01-15T19:09:00,1980.0
ORD000161,2026-01-11 15:47:00,C0092,P012,1,891.0,0.05,Mobile App,PAY000161,Bank Transfer,PAID,2026-01-11T18:21:00,846.4499999999999
ORD000162,2026-01-24 04:41:00,C0130,P002,2,1415.5,0.05,Mobile App,PAY000162,Credit Card,PAID,2026-01-24T07:23:00,2689.45
ORD000163,2026-01-24 22:34:00,C0093,P037,1,24605.0,0.1,Marketplace,PAY000163,PromptPay,PAID,2026-01-24T23:22:00,22144.5
ORD000164,2026-01-06 04:10:00,C0112,P033,3,11610.0,0.0,Marketplace,PAY000164,Credit Card,PAID,2026-01-06T04:53:00,34830.0
ORD000165,2026-01-26 09:37:00,C0002,P024,1,299.0,0.0,Marketplace,PAY000165,PromptPay,PAID,2026-01-26T11:39:00,299.0
ORD000166,2026-01-05 14:37:00,C0001,P027,3,27195.0,0.0,Web,PAY000166,Bank Transfer,PAID,2026-01-05T16:33:00,81585.0
ORD000168,2026-01-10 11:34:00,C0004,P019,3,3990.0,0.0,Marketplace,PAY000168,Credit Card,PAID,2026-01-10T12:59:00,11970.0
ORD000169,2026-01-23 15:45:00,C0073,P018,1,3591.0,0.1,Marketplace,PAY000169,Bank Transfer,PAID,2026-01-23T15:58:00,3231.9
ORD000170,2026-01-18 21:15:00,C0004,P020,1,499.0,0.0,Marketplace,PAY000170,Bank Transfer,PAID,2026-01-18T22:05:00,499.0
ORD000171,2026-01-26 20:58:00,C0160,P010,2,891.0,0.0,Web,PAY000171,Credit Card,PAID,2026-01-26T21:59:00,1782.0
ORD000172,2026-01-20 16:52:00,C0028,P034,1,299.0,0.1,Mobile App,PAY000172,PromptPay,PAID,2026-01-20T17:39:00,269.1
ORD000173,2026-01-03 06:14:00,C0137,P007,3,27195.0,0.0,Marketplace,PAY000173,Credit Card,PAID,2026-01-03T08:17:00,81585.0
ORD000174,2026-01-28 23:11:00,C0075,P018,4,3990.0,0.05,Marketplace,PAY000174,Credit Card,PAID,2026-01-28T23:29:00,15162.0
ORD000175,2026-01-26 17:56:00,C0088,P004,3,1564.5,0.0,Marketplace,PAY000175,Credit Card,PAID,2026-01-26T18:58:00,4693.5
ORD000176,2026-01-21 02:49:00,C0120,P025,2,27195.0,0.0,Mobile App,PAY000176,Credit Card,PAID,2026-01-21T05:33:00,54390.0
ORD000177,2026-01-04 02:29:00,C0015,P027,2,23310.0,0.05,Mobile App,PAY000177,Credit Card,PAID,2026-01-04T05:23:00,44289.0
ORD000178,2026-01-26 22:57:00,C0127,P028,4,299.0,0.0,Mobile App,PAY000178,Bank Transfer,PAID,2026-01-27T01:41:00,1196.0
ORD000180,2026-01-06 14:27:00,C0026,P021,1,23310.0,0.0,Marketplace,PAY000180,Bank Transfer,PAID,2026-01-06T16:40:00,23310.0
ORD000181,2026-01-17 22:36:00,C0078,P007,1,25900.0,0.0,Mobile App,PAY000181,PromptPay,PAID,2026-01-17T23:43:00,25900.0
ORD000182,2026-01-19 01:42:00,C0135,P025,1,23310.0,0.0,Mobile App,PAY000182,Credit Card,PAID,2026-01-19T02:14:00,23310.0
ORD000183,2026-01-11 14:35:00,C0044,P038,3,11610.0,0.0,Web,PAY000183,PromptPay,PAID,2026-01-11T14:59:00,34830.0
ORD000184,2026-01-17 11:36:00,C0154,P019,4,3790.5,0.0,Web,PAY000184,PromptPay,PAID,2026-01-17T12:30:00,15162.0
ORD000185,2026-01-08 11:35:00,C0140,P028,4,269.1,0.1,Mobile App,PAY000185,Credit Card,PAID,2026-01-08T11:57:00,968.7600000000001
ORD000187,2026-01-22 17:38:00,C0092,P039,2,990.0,0.0,Marketplace,PAY000187,Credit Card,PAID,2026-01-22T19:22:00,1980.0
ORD000188,2026-01-22 03:20:00,C0047,P031,4,1490.0,0.05,Marketplace,PAY000188,Credit Card,PAID,2026-01-22T06:04:00,5662.0
ORD000190,2026-01-28 04:14:00,C0129,P025,4,27195.0,0.0,Marketplace,PAY000190,PromptPay,PAID,2026-01-28T04:22:00,108780.0
ORD000191,2026-01-17 08:52:00,C0011,P023,1,299.0,0.0,Mobile App,PAY000191,PromptPay,PAID,2026-01-17T11:42:00,299.0
ORD000192,2026-01-13 01:30:00,C0101,P039,1,1039.5,0.0,Web,PAY000192,Bank Transfer,PAID,2026-01-13T02:16:00,1039.5
ORD000193,2026-01-18 00:15:00,C0052,P005,2,299.0,0.1,Mobile App,PAY000193,Credit Card,PAID,2026-01-18T00:18:00,538.2
ORD000194,2026-01-22 00:46:00,C0113,P001,1,299.0,0.1,Marketplace,PAY000194,Bank Transfer,PAID,2026-01-22T02:31:00,269.1
ORD000195,2026-01-11 22:27:00,C0094,P014,2,990.0,0.0,Mobile App,PAY000195,Bank Transfer,PAID,2026-01-11T23:40:00,1980.0
ORD000196,2026-01-20 08:53:00,C0132,P007,1,25900.0,0.1,Web,PAY000196,PromptPay,PAID,2026-01-20T10:07:00,23310.0
ORD000197,2026-01-06 22:25:00,C0099,P002,1,1415.5,0.05,Web,PAY000197,Credit Card,PAID,2026-01-07T01:07:00,1344.725
ORD000198,2026-01-22 16:13:00,C0040,P012,4,990.0,0.1,Marketplace,PAY000198,Bank Transfer,PAID,2026-01-22T17:18:00,3564.0
ORD000200,2026-01-01 14:06:00,C0097,P004,2,1341.0,0.0,Mobile App,PAY000200,PromptPay,PAID,2026-01-01T16:49:00,2682.0
ORD000201,2026-01-22 12:04:00,C0059,P022,4,449.1,0.0,Marketplace,PAY000201,PromptPay,PAID,2026-01-22T14:32:00,1796.4
ORD000202,2026-01-04 08:21:00,C0019,P027,2,23310.0,0.05,Web,PAY000202,PromptPay,PAID,2026-01-04T10:23:00,44289.0
ORD000203,2026-01-12 15:24:00,C0083,P025,1,25900.0,0.0,Mobile App,PAY000203,Credit Card,PAID,2026-01-12T17:06:00,25900.0
ORD000204,2026-01-06 00:39:00,C0131,P036,2,313.95,0.0,Mobile App,PAY000204,Credit Card,PAID,2026-01-06T03:10:00,627.9
ORD000206,2026-01-06 21:44:00,C0008,P023,4,269.1,0.0,Web,PAY000206,PromptPay,PAID,2026-01-06T23:55:00,1076.4
ORD000207,2026-01-11 04:13:00,C0052,P001,1,313.95,0.0,Marketplace,PAY000207,PromptPay,PAID,2026-01-11T05:29:00,313.95
ORD000208,2026-01-25 17:56:00,C0024,P037,4,23310.0,0.1,Web,PAY000208,PromptPay,PAID,2026-01-25T18:11:00,83916.0
ORD000209,2026-01-14 02:39:00,C0067,P006,1,284.05,0.0,Marketplace,PAY000209,PromptPay,PAID,2026-01-14T05:29:00,284.05
ORD000210,2026-01-26 09:51:00,C0013,P009,1,299.0,0.0,Mobile App,PAY000210,Credit Card,PAID,2026-01-26T11:17:00,299.0
ORD000211,2026-01-24 08:11:00,C0066,P022,2,499.0,0.05,Web,PAY000211,Credit Card,PAID,2026-01-24T08:30:00,948.0999999999999
ORD000212,2026-01-10 23:01:00,C0071,P001,2,284.05,0.1,Marketplace,PAY000212,Credit Card,PAID,2026-01-11T01:18:00,511.29
ORD000213,2026-01-17 11:40:00,C0025,P021,1,25900.0,0.0,Marketplace,PAY000213,PromptPay,PAID,2026-01-17T13:48:00,25900.0
ORD000214,2026-01-09 14:42:00,C0014,P019,2,3990.0,0.0,Web,PAY000214,Credit Card,PAID,2026-01-09T15:24:00,7980.0
ORD000215,2026-01-21 10:20:00,C0040,P036,2,299.0,0.05,Web,PAY000215,PromptPay,PAID,2026-01-21T11:14:00,568.1
ORD000216,2026-01-28 05:31:00,C0024,P033,1,12255.0,0.0,Marketplace,PAY000216,Credit Card,PAID,2026-01-28T07:48:00,12255.0
ORD000218,2026-01-01 18:45:00,C0072,P020,3,474.05,0.1,Mobile App,PAY000218,Bank Transfer,PAID,2026-01-01T20:07:00,1279.9350000000002
ORD000219,2026-01-10 09:38:00,C0081,P021,1,27195.0,0.0,Web,PAY000219,Bank Transfer,PAID,2026-01-10T12:03:00,27195.0
ORD000220,2026-01-12 20:20:00,C0135,P037,1,24605.0,0.0,Marketplace,PAY000220,Credit Card,PAID,2026-01-12T22:17:00,24605.0
ORD000221,2026-01-25 21:10:00,C0157,P008,4,523.95,0.05,Marketplace,PAY000221,Credit Card,PAID,2026-01-25T21:26:00,1991.01
ORD000222,2026-01-23 20:37:00,C0109,P027,1,24605.0,0.1,Mobile App,PAY000222,Credit Card,PAID,2026-01-23T22:07:00,22144.5
ORD000223,2026-01-17 01:11:00,C0051,P014,2,940.5,0.0,Marketplace,PAY000223,PromptPay,PAID,2026-01-17T01:44:00,1881.0
ORD000224,2026-01-14 21:18:00,C0012,P031,1,1490.0,0.0,Web,PAY000224,PromptPay,PAID,2026-01-14T22:01:00,1490.0
ORD000225,2026-01-16 05:19:00,C0135,P025,1,23310.0,0.05,Mobile App,PAY000225,PromptPay,PAID,2026-01-16T06:29:00,22144.5
ORD000226,2026-01-08 17:35:00,C0064,P003,3,23310.0,0.0,Mobile App,PAY000226,Credit Card,PAID,2026-01-08T18:59:00,69930.0
ORD000227,2026-01-02 17:13:00,C0007,P016,1,1490.0,0.0,Marketplace,PAY000227,Bank Transfer,PAID,2026-01-02T19:15:00,1490.0
ORD000228,2026-01-17 20:14:00,C0053,P028,3,299.0,0.0,Web,PAY000228,Credit Card,PAID,2026-01-17T21:37:00,897.0
ORD000229,2026-01-08 13:18:00,C0008,P017,2,940.5,0.0,Mobile App,PAY000229,Bank Transfer,PAID,2026-01-08T14:50:00,1881.0
ORD000230,2026-01-19 20:00:00,C0160,P015,4,299.0,0.1,Web,PAY000230,PromptPay,PAID,2026-01-19T20:18:00,1076.4
ORD000231,2026-01-11 10:24:00,C0033,P038,1,12900.0,0.0,Web,PAY000231,Credit Card,PAID,2026-01-11T10:38:00,12900.0
ORD000232,2026-01-08 03:01:00,C0004,P008,1,499.0,0.05,Marketplace,PAY000232,PromptPay,PAID,2026-01-08T03:06:00,474.04999999999995
ORD000233,2026-01-18 08:14:00,C0085,P007,2,25900.0,0.0,Marketplace,PAY000233,PromptPay,PAID,2026-01-18T09:31:00,51800.0
ORD000234,2026-01-06 03:24:00,C0025,P026,2,12900.0,0.0,Marketplace,PAY000234,Bank Transfer,PAID,2026-01-06T04:58:00,25800.0
ORD000235,2026-01-12 09:30:00,C0087,P030,3,499.0,0.0,Marketplace,PAY000235,PromptPay,PAID,2026-01-12T11:42:00,1497.0
ORD000236,2026-01-19 05:22:00,C0068,P027,1,23310.0,0.05,Marketplace,PAY000236,Bank Transfer,PAID,2026-01-19T05:28:00,22144.5
ORD000237,2026-01-17 04:02:00,C0020,P030,3,523.95,0.1,Web,PAY000237,Bank Transfer,PAID,2026-01-17T04:13:00,1414.6650000000002
ORD000238,2026-01-10 23:15:00,C0140,P034,2,313.95,0.0,Marketplace,PAY000238,Bank Transfer,PAID,2026-01-11T02:11:00,627.9
ORD000239,2026-01-27 08:24:00,C0044,P004,2,1490.0,0.0,Marketplace,PAY000239,Credit Card,PAID,2026-01-27T08:51:00,2980.0
ORD000240,2026-01-01 04:54:00,C0091,P018,1,3990.0,0.0,Mobile App,PAY000240,PromptPay,PAID,2026-01-01T06:09:00,3990.0
ORD000241,2026-01-24 06:52:00,C0003,P026,3,12255.0,0.0,Web,PAY000241,Credit Card,PAID,2026-01-24T09:08:00,36765.0
ORD000242,2026-01-08 00:54:00,C0106,P016,2,1490.0,0.0,Web,PAY000242,Credit Card,PAID,2026-01-08T03:54:00,2980.0
ORD000243,2026-01-19 16:38:00,C0129,P013,3,499.0,0.1,Mobile App,PAY000243,Bank Transfer,PAID,2026-01-19T17:52:00,1347.3
ORD000244,2026-01-16 14:15:00,C0153,P029,2,3990.0,0.05,Web,PAY000244,PromptPay,PAID,2026-01-16T16:05:00,7581.0
ORD000245,2026-01-11 05:18:00,C0058,P031,1,1415.5,0.1,Web,PAY000245,Credit Card,PAID,2026-01-11T06:59:00,1273.95
ORD000246,2026-01-12 03:50:00,C0107,P028,1,269.1,0.05,Mobile App,PAY000246,Bank Transfer,PAID,2026-01-12T06:31:00,255.645
ORD000247,2026-01-20 00:13:00,C0025,P029,2,4189.5,0.05,Web,PAY000247,PromptPay,PAID,2026-01-20T01:03:00,7960.049999999999
ORD000248,2026-01-14 08:37:00,C0144,P009,1,284.05,0.0,Mobile App,PAY000248,PromptPay,PAID,2026-01-14T08:56:00,284.05
ORD000249,2026-01-04 01:05:00,C0121,P008,3,499.0,0.0,Web,PAY000249,Credit Card,PAID,2026-01-04T03:32:00,1497.0
ORD000250,2026-01-20 22:06:00,C0160,P039,3,891.0,0.05,Web,PAY000250,Credit Card,PAID,2026-01-20T23:00:00,2539.35
ORD000251,2026-01-10 23:16:00,C0014,P010,3,891.0,0.1,Web,PAY000251,Bank Transfer,PAID,2026-01-11T00:28:00,2405.7000000000003
ORD000252,2026-01-12 07:49:00,C0068,P020,1,449.1,0.1,Web,PAY000252,Credit Card,PAID,2026-01-12T08:17:00,404.19000000000005
ORD000253,2026-01-05 12:14:00,C0139,P029,4,3990.0,0.1,Marketplace,PAY000253,Bank Transfer,PAID,2026-01-05T14:03:00,14364.0
ORD000254,2026-01-02 14:40:00,C0030,P012,2,990.0,0.0,Mobile App,PAY000254,Bank Transfer,PAID,2026-01-02T16:51:00,1980.0
ORD000255,2026-01-26 05:45:00,C0090,P010,2,940.5,0.0,Mobile App,PAY000255,PromptPay,PAID,2026-01-26T08:04:00,1881.0
ORD000257,2026-01-15 04:48:00,C0016,P014,1,990.0,0.05,Mobile App,PAY000257,Credit Card,PAID,2026-01-15T05:54:00,940.5
ORD000258,2026-01-02 00:35:00,C0050,P002,4,1490.0,0.0,Web,PAY000258,PromptPay,PAID,2026-01-02T02:44:00,5960.0
ORD000259,2026-01-18 01:24:00,C0102,P039,3,1039.5,0.1,Marketplace,PAY000259,PromptPay,PAID,2026-01-18T02:01:00,2806.65
ORD000260,2026-01-06 12:56:00,C0151,P029,4,4189.5,0.1,Marketplace,PAY000260,Bank Transfer,PAID,2026-01-06T14:03:00,15082.2
ORD000261,2026-01-19 00:17:00,C0037,P032,1,25900.0,0.0,Web,PAY000261,Credit Card,PAID,2026-01-19T03:05:00,25900.0
ORD000263,2026-01-21 09:23:00,C0019,P019,2,3990.0,0.1,Mobile App,PAY000263,Bank Transfer,PAID,2026-01-21T12:13:00,7182.0
ORD000264,2026-01-15 23:38:00,C0110,P018,2,3990.0,0.1,Mobile App,PAY000264,Bank Transfer,PAID,2026-01-16T01:52:00,7182.0
ORD000265,2026-01-25 21:34:00,C0116,P031,2,1490.0,0.05,Web,PAY000265,PromptPay,PAID,2026-01-25T22:52:00,2831.0
ORD000268,2026-01-13 08:12:00,C0045,P018,3,3591.0,0.0,Mobile App,PAY000268,Credit Card,PAID,2026-01-13T08:58:00,10773.0
ORD000269,2026-01-16 02:11:00,C0115,P012,4,1039.5,0.0,Marketplace,PAY000269,Bank Transfer,PAID,2026-01-16T03:31:00,4158.0
ORD000270,2026-01-12 19:00:00,C0087,P030,3,449.1,0.05,Web,PAY000270,Bank Transfer,PAID,2026-01-12T19:18:00,1279.9350000000002
ORD000271,2026-01-07 11:25:00,C0091,P035,2,23310.0,0.0,Web,PAY000271,Credit Card,PAID,2026-01-07T14:14:00,46620.0
ORD000272,2026-01-19 03:26:00,C0159,P038,1,13545.0,0.0,Mobile App,PAY000272,Credit Card,PAID,2026-01-19T04:25:00,13545.0
ORD000273,2026-01-12 05:23:00,C0008,P005,1,269.1,0.0,Mobile App,PAY000273,Credit Card,PAID,2026-01-12T06:20:00,269.1
ORD000274,2026-01-10 19:46:00,C0157,P028,2,299.0,0.0,Web,PAY000274,PromptPay,PAID,2026-01-10T22:12:00,598.0
ORD000275,2026-01-28 07:37:00,C0031,P032,1,23310.0,0.0,Mobile App,PAY000275,Bank Transfer,PAID,2026-01-28T08:56:00,23310.0
ORD000277,2026-01-08 09:08:00,C0007,P009,3,299.0,0.0,Marketplace,PAY000277,Bank Transfer,PAID,2026-01-08T11:22:00,897.0
ORD000278,2026-01-09 23:49:00,C0002,P015,2,313.95,0.0,Marketplace,PAY000278,Credit Card,PAID,2026-01-10T02:25:00,627.9
ORD000279,2026-01-21 01:07:00,C0004,P040,2,3990.0,0.0,Mobile App,PAY000279,PromptPay,PAID,2026-01-21T02:34:00,7980.0
ORD000280,2026-01-27 03:52:00,C0101,P004,2,1490.0,0.05,Web,PAY000280,Credit Card,PAID,2026-01-27T04:58:00,2831.0
ORD000281,2026-01-04 23:47:00,C0099,P011,1,23310.0,0.0,Mobile App,PAY000281,Bank Transfer,PAID,2026-01-05T01:18:00,23310.0
ORD000282,2026-01-18 02:19:00,C0137,P026,1,12900.0,0.0,Marketplace,PAY000282,PromptPay,PAID,2026-01-18T04:13:00,12900.0
ORD000283,2026-01-05 22:30:00,C0078,P010,2,1039.5,0.0,Web,PAY000283,PromptPay,PAID,2026-01-05T22:38:00,2079.0
ORD000284,2026-01-07 09:47:00,C0115,P035,3,25900.0,0.0,Web,PAY000284,PromptPay,PAID,2026-01-07T11:53:00,77700.0
ORD000286,2026-01-25 11:47:00,C0106,P027,2,25900.0,0.05,Marketplace,PAY000286,PromptPay,PAID,2026-01-25T13:38:00,49210.0
ORD000287,2026-01-17 00:04:00,C0074,P026,1,12255.0,0.0,Marketplace,PAY000287,Bank Transfer,PAID,2026-01-17T02:51:00,12255.0
ORD000288,2026-01-07 04:21:00,C0005,P029,3,3990.0,0.0,Marketplace,PAY000288,PromptPay,PAID,2026-01-07T04:36:00,11970.0
ORD000289,2026-01-15 09:31:00,C0083,P029,3,3790.5,0.0,Marketplace,PAY000289,Bank Transfer,PAID,2026-01-15T09:43:00,11371.5
ORD000290,2026-01-12 13:01:00,C0038,P034,4,299.0,0.0,Web,PAY000290,Credit Card,PAID,2026-01-12T14:21:00,1196.0
ORD000291,2026-01-27 10:12:00,C0158,P036,3,299.0,0.1,Mobile App,PAY000291,PromptPay,PAID,2026-01-27T10:43:00,807.3000000000001
ORD000292,2026-01-24 12:23:00,C0130,P013,1,474.05,0.05,Mobile App,PAY000292,Bank Transfer,PAID,2026-01-24T14:47:00,450.34749999999997
ORD000293,2026-01-12 19:17:00,C0048,P037,3,24605.0,0.0,Web,PAY000293,PromptPay,PAID,2026-01-12T20:54:00,73815.0
ORD000295,2026-01-04 05:04:00,C0054,P036,2,313.95,0.1,Mobile App,PAY000295,PromptPay,PAID,2026-01-04T05:52:00,565.11
ORD000296,2026-01-16 06:57:00,C0104,P036,1,284.05,0.0,Marketplace,PAY000296,Bank Transfer,PAID,2026-01-16T07:02:00,284.05
ORD000297,2026-01-15 13:14:00,C0123,P019,2,3990.0,0.05,Mobile App,PAY000297,PromptPay,PAID,2026-01-15T15:38:00,7581.0
ORD000298,2026-01-27 17:42:00,C0122,P039,2,891.0,0.1,Marketplace,PAY000298,Credit Card,PAID,2026-01-27T19:15:00,1603.8
ORD000299,2026-01-02 22:35:00,C0009,P021,3,24605.0,0.1,Web,PAY000299,Bank Transfer,PAID,2026-01-03T00:20:00,66433.5
ORD000300,2026-01-20 05:53:00,C0138,P009,2,269.1,0.1,Web,PAY000300,PromptPay,PAID,2026-01-20T06:26:00,484.38000000000005
ORD000301,2026-01-12 08:38:00,C0013,P040,4,3990.0,0.0,Marketplace,PAY000301,Bank Transfer,PAID,2026-01-12T10:45:00,15960.0
ORD000302,2026-01-02 04:34:00,C0081,P026,1,11610.0,0.05,Mobile App,PAY000302,PromptPay,PAID,2026-01-02T06:41:00,11029.5
ORD000303,2026-01-20 15:52:00,C0101,P026,4,12900.0,0.0,Marketplace,PAY000303,PromptPay,PAID,2026-01-20T17:24:00,51600.0
ORD000304,2026-01-04 19:27:00,C0147,P009,4,313.95,0.0,Mobile App,PAY000304,Credit Card,PAID,2026-01-04T21:36:00,1255.8
ORD000305,2026-01-26 21:33:00,C0116,P030,1,499.0,0.05,Web,PAY000305,Credit Card,PAID,2026-01-27T00:16:00,474.04999999999995
ORD000306,2026-01-22 16:20:00,C0126,P032,1,27195.0,0.0,Mobile App,PAY000306,PromptPay,PAID,2026-01-22T16:52:00,27195.0
ORD000307,2026-01-14 05:12:00,C0109,P039,3,1039.5,0.0,Web,PAY000307,Credit Card,PAID,2026-01-14T06:46:00,3118.5
ORD000308,2026-01-06 21:33:00,C0019,P037,4,23310.0,0.0,Marketplace,PAY000308,Credit Card,PAID,2026-01-06T22:49:00,93240.0
ORD000309,2026-01-16 01:10:00,C0081,P015,1,299.0,0.0,Marketplace,PAY000309,PromptPay,PAID,2026-01-16T02:32:00,299.0
ORD000311,2026-01-13 17:06:00,C0144,P032,3,25900.0,0.1,Mobile App,PAY000311,PromptPay,PAID,2026-01-13T17:17:00,69930.0
ORD000312,2026-01-04 13:24:00,C0011,P026,1,12900.0,0.0,Mobile App,PAY000312,PromptPay,PAID,2026-01-04T14:00:00,12900.0
ORD000315,2026-01-21 13:58:00,C0037,P016,1,1564.5,0.0,Marketplace,PAY000315,Bank Transfer,PAID,2026-01-21T14:19:00,1564.5
ORD000316,2026-01-15 06:25:00,C0140,P021,1,27195.0,0.0,Web,PAY000316,Credit Card,PAID,2026-01-15T09:11:00,27195.0
ORD000317,2026-01-26 07:49:00,C0068,P022,1,499.0,0.0,Marketplace,PAY000317,Bank Transfer,PAID,2026-01-26T10:10:00,499.0
ORD000318,2026-01-04 17:13:00,C0008,P002,1,1490.0,0.0,Mobile App,PAY000318,Credit Card,PAID,2026-01-04T17:44:00,1490.0
ORD000319,2026-01-28 14:43:00,C0150,P013,1,499.0,0.0,Web,PAY000319,Bank Transfer,PAID,2026-01-28T17:09:00,499.0
ORD000320,2026-01-05 23:01:00,C0109,P008,1,523.95,0.0,Marketplace,PAY000320,Bank Transfer,PAID,2026-01-06T00:18:00,523.95
ORD000321,2026-01-04 08:53:00,C0079,P014,1,990.0,0.1,Mobile App,PAY000321,Bank Transfer,PAID,2026-01-04T10:21:00,891.0
ORD000323,2026-01-28 04:05:00,C0151,P032,1,25900.0,0.0,Mobile App,PAY000323,Credit Card,PAID,2026-01-28T04:59:00,25900.0
ORD000324,2026-01-13 14:46:00,C0044,P039,3,891.0,0.1,Mobile App,PAY000324,Bank Transfer,PAID,2026-01-13T17:04:00,2405.7000000000003
ORD000325,2026-01-07 06:28:00,C0012,P018,1,4189.5,0.0,Mobile App,PAY000325,Credit Card,PAID,2026-01-07T08:31:00,4189.5
ORD000327,2026-01-09 08:32:00,C0123,P020,3,474.05,0.0,Mobile App,PAY000327,PromptPay,PAID,2026-01-09T10:26:00,1422.15
ORD000328,2026-01-23 13:01:00,C0046,P016,2,1341.0,0.0,Mobile App,PAY000328,PromptPay,PAID,2026-01-23T13:55:00,2682.0
ORD000329,2026-01-24 00:32:00,C0140,P008,1,499.0,0.05,Marketplace,PAY000329,Bank Transfer,PAID,2026-01-24T03:18:00,474.04999999999995
ORD000330,2026-01-12 11:00:00,C0020,P028,3,269.1,0.0,Web,PAY000330,PromptPay,PAID,2026-01-12T11:50:00,807.3000000000001
ORD000331,2026-01-24 02:37:00,C0090,P035,1,24605.0,0.0,Marketplace,PAY000331,Credit Card,PAID,2026-01-24T04:21:00,24605.0
ORD000332,2026-01-23 04:50:00,C0135,P003,2,25900.0,0.05,Marketplace,PAY000332,Bank Transfer,PAID,2026-01-23T05:08:00,49210.0
ORD000333,2026-01-20 03:21:00,C0143,P011,2,25900.0,0.0,Web,PAY000333,PromptPay,PAID,2026-01-20T05:27:00,51800.0
ORD000334,2026-01-03 11:55:00,C0090,P021,1,24605.0,0.1,Mobile App,PAY000334,Credit Card,PAID,2026-01-03T14:23:00,22144.5
ORD000335,2026-01-18 07:01:00,C0114,P019,2,3990.0,0.0,Web,PAY000335,Bank Transfer,PAID,2026-01-18T08:42:00,7980.0
ORD000336,2026-01-27 00:17:00,C0058,P021,2,24605.0,0.0,Marketplace,PAY000336,Bank Transfer,PAID,2026-01-27T01:36:00,49210.0
ORD000337,2026-01-16 00:09:00,C0061,P019,1,3990.0,0.1,Mobile App,PAY000337,Credit Card,PAID,2026-01-16T00:35:00,3591.0
ORD000338,2026-01-27 15:41:00,C0036,P024,2,313.95,0.0,Marketplace,PAY000338,Bank Transfer,PAID,2026-01-27T17:48:00,627.9
ORD000339,2026-01-24 07:46:00,C0140,P003,2,24605.0,0.0,Web,PAY000339,PromptPay,PAID,2026-01-24T08:27:00,49210.0
ORD000340,2026-01-21 07:12:00,C0040,P005,3,313.95,0.0,Mobile App,PAY000340,Bank Transfer,PAID,2026-01-21T09:33:00,941.8499999999999
ORD000341,2026-01-24 01:27:00,C0159,P012,1,891.0,0.0,Marketplace,PAY000341,Bank Transfer,PAID,2026-01-24T03:27:00,891.0
ORD000342,2026-01-26 00:15:00,C0029,P036,3,299.0,0.1,Web,PAY000342,PromptPay,PAID,2026-01-26T01:32:00,807.3000000000001
ORD000343,2026-01-24 15:07:00,C0008,P033,4,12900.0,0.0,Mobile App,PAY000343,PromptPay,PAID,2026-01-24T15:32:00,51600.0
ORD000344,2026-01-03 07:19:00,C0140,P032,4,23310.0,0.0,Marketplace,PAY000344,PromptPay,PAID,2026-01-03T08:00:00,93240.0
ORD000345,2026-01-06 18:55:00,C0129,P012,1,940.5,0.0,Web,PAY000345,Bank Transfer,PAID,2026-01-06T20:15:00,940.5
ORD000346,2026-01-17 20:22:00,C0018,P021,4,24605.0,0.0,Web,PAY000346,Bank Transfer,PAID,2026-01-17T21:14:00,98420.0
ORD000348,2026-01-08 09:01:00,C0079,P010,4,891.0,0.0,Marketplace,PAY000348,Credit Card,PAID,2026-01-08T10:08:00,3564.0
ORD000349,2026-01-13 15:09:00,C0011,P027,4,23310.0,0.1,Mobile App,PAY000349,Bank Transfer,PAID,2026-01-13T16:38:00,83916.0
ORD000350,2026-01-11 09:57:00,C0155,P024,2,269.1,0.05,Mobile App,PAY000350,Credit Card,PAID,2026-01-11T11:09:00,511.29
ORD000351,2026-01-17 17:41:00,C0119,P030,2,499.0,0.0,Marketplace,PAY000351,Credit Card,PAID,2026-01-17T18:25:00,998.0
ORD000352,2026-01-21 13:44:00,C0076,P022,1,449.1,0.05,Marketplace,PAY000352,Bank Transfer,PAID,2026-01-21T14:08:00,426.645
ORD000353,2026-01-22 13:13:00,C0032,P006,1,299.0,0.0,Marketplace,PAY000353,Bank Transfer,PAID,2026-01-22T15:41:00,299.0
ORD000354,2026-01-19 08:37:00,C0032,P023,1,299.0,0.0,Marketplace,PAY000354,Bank Transfer,PAID,2026-01-19T10:06:00,299.0
ORD000355,2026-01-10 07:21:00,C0112,P016,1,1564.5,0.0,Marketplace,PAY000355,Bank Transfer,PAID,2026-01-10T07:25:00,1564.5
ORD000356,2026-01-02 23:47:00,C0158,P016,2,1564.5,0.05,Marketplace,PAY000356,Credit Card,PAID,2026-01-03T01:50:00,2972.5499999999997
ORD000357,2026-01-18 15:19:00,C0087,P020,2,449.1,0.05,Marketplace,PAY000357,Credit Card,PAID,2026-01-18T17:51:00,853.29
ORD000358,2026-01-05 18:00:00,C0063,P002,4,1415.5,0.1,Mobile App,PAY000358,Credit Card,PAID,2026-01-05T18:03:00,5095.8
ORD000359,2026-01-14 22:16:00,C0151,P016,1,1564.5,0.0,Marketplace,PAY000359,Bank Transfer,PAID,2026-01-14T22:52:00,1564.5
ORD000360,2026-01-24 07:27:00,C0009,P015,2,269.1,0.0,Marketplace,PAY000360,Credit Card,PAID,2026-01-24T09:45:00,538.2
ORD000056,2026-01-07 05:17:00,C0083,P017,1,990.0,0.0,Web,PAY000056,Bank Transfer,PAID,2026-01-07T07:02:00,990.0
ORD000361,19/02/2026 02:59,C0124,P019,1,4189.5,0.05,Web,PAY000361,Bank Transfer,PAID,2026-02-19T05:29:00,3980.0249999999996
ORD000362,20/02/2026 07:33,C0072,P039,2,940.5,0.05,Web,PAY000362,PromptPay,PAID,2026-02-20T08:35:00,1786.9499999999998
ORD000363,08/02/2026 06:17,C0136,P014,2,940.5,0.05,Mobile App,PAY000363,PromptPay,PAID,2026-02-08T08:22:00,1786.9499999999998
ORD000364,16/02/2026 06:58,C0077,P038,2,12900.0,0.0,Web,PAY000364,Credit Card,PAID,2026-02-16T07:47:00,25800.0
ORD000365,23/02/2026 13:30,C0139,P004,2,1490.0,0.0,Marketplace,PAY000365,Credit Card,PAID,2026-02-23T13:35:00,2980.0
ORD000366,14/02/2026 20:28,C0088,P004,1,1490.0,0.0,Marketplace,PAY000366,Credit Card,PAID,2026-02-14T20:32:00,1490.0
ORD000369,22/02/2026 01:54,C0037,P033,3,13545.0,0.0,Mobile App,PAY000369,Credit Card,PAID,2026-02-22T03:25:00,40635.0
ORD000370,05/02/2026 13:06,C0050,P006,2,284.05,0.05,Marketplace,PAY000370,PromptPay,PAID,2026-02-05T15:17:00,539.695
ORD000371,06/02/2026 02:30,C0155,P029,4,3990.0,0.0,Web,PAY000371,PromptPay,PAID,2026-02-06T05:03:00,15960.0
ORD000372,03/02/2026 18:30,C0096,P025,2,27195.0,0.1,Mobile App,PAY000372,Bank Transfer,PAID,2026-02-03T20:56:00,48951.0
ORD000373,05/02/2026 22:22,C0081,P028,1,269.1,0.05,Marketplace,PAY000373,Credit Card,PAID,2026-02-05T23:00:00,255.645
ORD000374,12/02/2026 03:57,C0101,P040,1,3591.0,0.0,Web,PAY000374,Credit Card,PAID,2026-02-12T05:01:00,3591.0
ORD000375,16/02/2026 10:59,C0034,P008,1,474.05,0.05,Web,PAY000375,PromptPay,PAID,2026-02-16T11:10:00,450.34749999999997
ORD000376,26/02/2026 11:51,C0155,P027,4,27195.0,0.0,Mobile App,PAY000376,Credit Card,PAID,2026-02-26T13:45:00,108780.0
ORD000377,18/02/2026 10:54,C0114,P014,1,891.0,0.0,Web,PAY000377,PromptPay,PAID,2026-02-18T13:06:00,891.0
ORD000378,03/02/2026 18:47,C0118,P002,4,1415.5,0.1,Marketplace,PAY000378,Credit Card,PAID,2026-02-03T21:18:00,5095.8
ORD000379,26/02/2026 21:04,C0002,P010,1,1039.5,0.05,Mobile App,PAY000379,Credit Card,PAID,2026-02-26T23:45:00,987.525
ORD000380,04/02/2026 17:51,C0045,P026,3,11610.0,0.05,Web,PAY000380,PromptPay,PAID,2026-02-04T18:14:00,33088.5
ORD000381,09/02/2026 10:43,C0077,P007,1,24605.0,0.0,Mobile App,PAY000381,Bank Transfer,PAID,2026-02-09T13:34:00,24605.0
ORD000384,14/02/2026 07:10,C0013,P038,1,13545.0,0.05,Marketplace,PAY000384,PromptPay,PAID,2026-02-14T07:53:00,12867.75
ORD000385,12/02/2026 03:57,C0089,P028,4,299.0,0.0,Web,PAY000385,Credit Card,PAID,2026-02-12T06:23:00,1196.0
ORD000387,12/02/2026 10:15,C0071,P028,4,313.95,0.0,Marketplace,PAY000387,Bank Transfer,PAID,2026-02-12T11:47:00,1255.8
ORD000388,22/02/2026 14:44,C0100,P018,2,3591.0,0.0,Web,PAY000388,Credit Card,PAID,2026-02-22T17:25:00,7182.0
ORD000389,15/02/2026 15:29,C0051,P032,2,25900.0,0.0,Marketplace,PAY000389,Credit Card,PAID,2026-02-15T18:16:00,51800.0
ORD000390,04/02/2026 07:56,C0159,P026,3,11610.0,0.0,Mobile App,PAY000390,Bank Transfer,PAID,2026-02-04T09:09:00,34830.0
ORD000391,18/02/2026 08:58,C0101,P020,2,449.1,0.0,Mobile App,PAY000391,Credit Card,PAID,2026-02-18T09:31:00,898.2
ORD000392,26/02/2026 06:39,C0107,P023,1,269.1,0.0,Mobile App,PAY000392,Credit Card,PAID,2026-02-26T08:14:00,269.1
ORD000394,06/02/2026 06:54,C0015,P007,2,24605.0,0.1,Web,PAY000394,Bank Transfer,PAID,2026-02-06T09:38:00,44289.0
ORD000395,12/02/2026 15:38,C0008,P020,1,499.0,0.0,Web,PAY000395,Bank Transfer,PAID,2026-02-12T15:41:00,499.0
ORD000397,06/02/2026 11:40,C0015,P040,2,3990.0,0.1,Marketplace,PAY000397,PromptPay,PAID,2026-02-06T12:31:00,7182.0
ORD000398,20/02/2026 16:01,C0095,P040,2,3990.0,0.0,Marketplace,PAY000398,Credit Card,PAID,2026-02-20T17:09:00,7980.0
ORD000400,19/02/2026 15:10,C0078,P035,4,27195.0,0.0,Web,PAY000400,PromptPay,PAID,2026-02-19T17:01:00,108780.0
ORD000401,16/02/2026 16:25,C0085,P013,3,499.0,0.1,Marketplace,PAY000401,Bank Transfer,PAID,2026-02-16T18:28:00,1347.3
ORD000402,16/02/2026 20:27,C0084,P030,1,523.95,0.05,Web,PAY000402,PromptPay,PAID,2026-02-16T23:00:00,497.7525
ORD000403,17/02/2026 06:30,C0107,P031,1,1490.0,0.0,Mobile App,PAY000403,Credit Card,PAID,2026-02-17T08:01:00,1490.0
ORD000405,27/02/2026 09:47,C0070,P001,1,299.0,0.0,Marketplace,PAY000405,PromptPay,PAID,2026-02-27T10:57:00,299.0
ORD000406,04/02/2026 00:37,C0144,P035,3,23310.0,0.0,Web,PAY000406,Credit Card,PAID,2026-02-04T01:48:00,69930.0
ORD000407,28/02/2026 08:21,C0100,P027,4,23310.0,0.1,Web,PAY000407,PromptPay,PAID,2026-02-28T11:09:00,83916.0
ORD000408,27/02/2026 20:30,C0047,P032,2,25900.0,0.05,Marketplace,PAY000408,PromptPay,PAID,2026-02-27T20:36:00,49210.0
ORD000409,17/02/2026 18:03,C0071,P035,3,27195.0,0.0,Mobile App,PAY000409,Credit Card,PAID,2026-02-17T18:22:00,81585.0
ORD000411,10/02/2026 01:56,C0030,P025,1,25900.0,0.0,Mobile App,PAY000411,Credit Card,PAID,2026-02-10T04:29:00,25900.0
ORD000412,11/02/2026 23:14,C0088,P025,2,25900.0,0.0,Web,PAY000412,Credit Card,PAID,2026-02-12T02:03:00,51800.0
ORD000413,12/02/2026 05:32,C0125,P005,2,313.95,0.0,Web,PAY000413,Bank Transfer,PAID,2026-02-12T07:20:00,627.9
ORD000414,18/02/2026 15:53,C0072,P019,1,3591.0,0.0,Web,PAY000414,Credit Card,PAID,2026-02-18T17:19:00,3591.0
ORD000415,15/02/2026 12:42,C0007,P037,4,24605.0,0.0,Marketplace,PAY000415,Credit Card,PAID,2026-02-15T13:09:00,98420.0
ORD000418,26/02/2026 17:39,C0097,P018,2,3790.5,0.05,Marketplace,PAY000418,Credit Card,PAID,2026-02-26T19:56:00,7201.95
ORD000419,12/02/2026 23:28,C0015,P002,1,1341.0,0.1,Marketplace,PAY000419,Bank Transfer,PAID,2026-02-13T02:09:00,1206.9
ORD000420,09/02/2026 09:44,C0056,P021,1,23310.0,0.1,Mobile App,PAY000420,Bank Transfer,PAID,2026-02-09T12:05:00,20979.0
ORD000421,14/02/2026 04:43,C0160,P023,3,284.05,0.1,Marketplace,PAY000421,Bank Transfer,PAID,2026-02-14T06:37:00,766.9350000000001
ORD000422,27/02/2026 13:36,C0160,P001,3,299.0,0.0,Mobile App,PAY000422,PromptPay,PAID,2026-02-27T16:23:00,897.0
ORD000423,04/02/2026 18:44,C0047,P027,4,24605.0,0.0,Web,PAY000423,Bank Transfer,PAID,2026-02-04T21:21:00,98420.0
ORD000424,19/02/2026 22:35,C0002,P007,1,24605.0,0.05,Web,PAY000424,Credit Card,PAID,2026-02-19T22:53:00,23374.75
ORD000425,17/02/2026 18:53,C0145,P003,2,25900.0,0.0,Web,PAY000425,PromptPay,PAID,2026-02-17T21:34:00,51800.0
ORD000426,25/02/2026 09:55,C0043,P027,4,25900.0,0.0,Web,PAY000426,Credit Card,PAID,2026-02-25T11:08:00,103600.0
ORD000428,01/02/2026 09:32,C0036,P032,2,27195.0,0.0,Mobile App,PAY000428,Bank Transfer,PAID,2026-02-01T11:02:00,54390.0
ORD000429,02/02/2026 17:59,C0036,P004,3,1490.0,0.0,Web,PAY000429,PromptPay,PAID,2026-02-02T20:32:00,4470.0
ORD000431,05/02/2026 17:40,C0017,P019,1,3790.5,0.1,Marketplace,PAY000431,Credit Card,PAID,2026-02-05T18:01:00,3411.4500000000003
ORD000432,04/02/2026 04:23,C0119,P025,4,25900.0,0.0,Marketplace,PAY000432,PromptPay,PAID,2026-02-04T06:56:00,103600.0
ORD000433,11/02/2026 22:26,C0043,P009,2,284.05,0.05,Mobile App,PAY000433,Bank Transfer,PAID,2026-02-11T23:59:00,539.695
ORD000434,23/02/2026 16:44,C0114,P025,1,25900.0,0.1,Mobile App,PAY000434,Bank Transfer,PAID,2026-02-23T19:04:00,23310.0
ORD000435,13/02/2026 04:16,C0130,P010,2,891.0,0.05,Mobile App,PAY000435,PromptPay,PAID,2026-02-13T06:40:00,1692.8999999999999
ORD000437,24/02/2026 08:52,C0059,P014,2,990.0,0.0,Web,PAY000437,PromptPay,PAID,2026-02-24T11:51:00,1980.0
ORD000439,20/02/2026 02:29,C0112,P002,3,1564.5,0.0,Mobile App,PAY000439,Credit Card,PAID,2026-02-20T05:19:00,4693.5
ORD000440,22/02/2026 17:06,C0063,P008,2,449.1,0.0,Web,PAY000440,Credit Card,PAID,2026-02-22T18:29:00,898.2
ORD000441,22/02/2026 07:08,C0032,P024,1,299.0,0.0,Mobile App,PAY000441,Bank Transfer,PAID,2026-02-22T07:12:00,299.0
ORD000442,23/02/2026 13:16,C0105,P010,1,1039.5,0.1,Marketplace,PAY000442,PromptPay,PAID,2026-02-23T14:37:00,935.5500000000001
ORD000443,19/02/2026 19:44,C0117,P003,4,24605.0,0.0,Web,PAY000443,PromptPay,PAID,2026-02-19T19:47:00,98420.0
ORD000444,12/02/2026 16:42,C0030,P030,3,499.0,0.0,Marketplace,PAY000444,PromptPay,PAID,2026-02-12T17:48:00,1497.0
ORD000445,10/02/2026 13:38,C0054,P025,1,24605.0,0.0,Mobile App,PAY000445,Bank Transfer,PAID,2026-02-10T14:36:00,24605.0
ORD000446,09/02/2026 12:07,C0062,P012,1,990.0,0.0,Mobile App,PAY000446,Bank Transfer,PAID,2026-02-09T13:35:00,990.0
ORD000447,24/02/2026 03:42,C0085,P024,1,313.95,0.0,Mobile App,PAY000447,PromptPay,PAID,2026-02-24T03:49:00,313.95
ORD000448,15/02/2026 13:01,C0096,P004,2,1341.0,0.05,Web,PAY000448,PromptPay,PAID,2026-02-15T15:20:00,2547.9
ORD000449,27/02/2026 08:06,C0038,P031,3,1341.0,0.0,Web,PAY000449,Credit Card,PAID,2026-02-27T08:23:00,4023.0
ORD000450,08/02/2026 18:36,C0037,P011,1,25900.0,0.0,Marketplace,PAY000450,Credit Card,PAID,2026-02-08T20:03:00,25900.0
ORD000451,15/02/2026 01:08,C0028,P032,4,27195.0,0.05,Marketplace,PAY000451,Bank Transfer,PAID,2026-02-15T03:31:00,103341.0
ORD000452,12/02/2026 08:11,C0022,P005,4,299.0,0.0,Mobile App,PAY000452,Credit Card,PAID,2026-02-12T11:02:00,1196.0
ORD000453,02/02/2026 03:17,C0105,P040,3,3990.0,0.05,Web,PAY000453,PromptPay,PAID,2026-02-02T05:28:00,11371.5
ORD000454,17/02/2026 21:52,C0087,P011,1,27195.0,0.05,Mobile App,PAY000454,Bank Transfer,PAID,2026-02-17T23:01:00,25835.25
ORD000456,19/02/2026 18:32,C0155,P039,3,990.0,0.1,Web,PAY000456,Bank Transfer,PAID,2026-02-19T19:21:00,2673.0
ORD000460,17/02/2026 04:59,C0040,P011,3,27195.0,0.0,Mobile App,PAY000460,Bank Transfer,PAID,2026-02-17T05:29:00,81585.0
ORD000461,12/02/2026 00:01,C0143,P015,2,299.0,0.1,Mobile App,PAY000461,PromptPay,PAID,2026-02-12T01:41:00,538.2
ORD000462,28/02/2026 03:21,C0077,P003,2,25900.0,0.05,Mobile App,PAY000462,Bank Transfer,PAID,2026-02-28T03:51:00,49210.0
ORD000463,20/02/2026 13:20,C0062,P030,4,523.95,0.0,Marketplace,PAY000463,PromptPay,PAID,2026-02-20T14:06:00,2095.8
ORD000465,12/02/2026 07:50,C0002,P011,1,27195.0,0.1,Mobile App,PAY000465,PromptPay,PAID,2026-02-12T09:18:00,24475.5
ORD000466,17/02/2026 18:53,C0044,P004,1,1341.0,0.0,Mobile App,PAY000466,Bank Transfer,PAID,2026-02-17T19:26:00,1341.0
ORD000467,26/02/2026 11:09,C0117,P017,4,990.0,0.1,Mobile App,PAY000467,PromptPay,PAID,2026-02-26T13:26:00,3564.0
ORD000469,20/02/2026 23:00,C0033,P004,4,1415.5,0.05,Marketplace,PAY000469,Bank Transfer,PAID,2026-02-21T00:18:00,5378.9
ORD000470,21/02/2026 21:44,C0076,P004,2,1415.5,0.0,Mobile App,PAY000470,Credit Card,PAID,2026-02-22T00:16:00,2831.0
ORD000471,13/02/2026 13:59,C0068,P032,4,27195.0,0.0,Web,PAY000471,PromptPay,PAID,2026-02-13T14:43:00,108780.0
ORD000472,06/02/2026 07:32,C0155,P017,2,1039.5,0.1,Mobile App,PAY000472,Credit Card,PAID,2026-02-06T09:03:00,1871.1000000000001
ORD000473,06/02/2026 17:53,C0059,P005,1,299.0,0.0,Marketplace,PAY000473,Credit Card,PAID,2026-02-06T19:42:00,299.0
ORD000474,05/02/2026 22:44,C0008,P019,1,4189.5,0.0,Web,PAY000474,PromptPay,PAID,2026-02-05T23:58:00,4189.5
ORD000475,15/02/2026 05:43,C0085,P018,2,3790.5,0.0,Web,PAY000475,Credit Card,PAID,2026-02-15T07:58:00,7581.0
ORD000476,10/02/2026 18:54,C0006,P018,1,4189.5,0.0,Mobile App,PAY000476,PromptPay,PAID,2026-02-10T21:18:00,4189.5
ORD000477,28/02/2026 08:44,C0092,P031,3,1341.0,0.0,Marketplace,PAY000477,Credit Card,PAID,2026-02-28T11:14:00,4023.0
ORD000478,18/02/2026 15:30,C0097,P038,4,12900.0,0.0,Web,PAY000478,Credit Card,PAID,2026-02-18T15:59:00,51600.0
ORD000479,22/02/2026 17:01,C0013,P009,1,269.1,0.0,Mobile App,PAY000479,Credit Card,PAID,2026-02-22T17:26:00,269.1
ORD000480,16/02/2026 08:07,C0029,P018,1,3790.5,0.0,Mobile App,PAY000480,Credit Card,PAID,2026-02-16T09:11:00,3790.5
ORD000481,25/02/2026 14:58,C0052,P034,1,299.0,0.0,Web,PAY000481,PromptPay,PAID,2026-02-25T17:06:00,299.0
ORD000482,28/02/2026 09:31,C0036,P038,1,13545.0,0.0,Web,PAY000482,Credit Card,PAID,2026-02-28T10:00:00,13545.0
ORD000483,04/02/2026 18:05,C0010,P037,2,25900.0,0.0,Marketplace,PAY000483,PromptPay,PAID,2026-02-04T19:05:00,51800.0
ORD000484,01/02/2026 01:38,C0048,P016,1,1564.5,0.0,Marketplace,PAY000484,Bank Transfer,PAID,2026-02-01T02:25:00,1564.5
ORD000485,23/02/2026 04:34,C0095,P017,4,891.0,0.0,Web,PAY000485,PromptPay,PAID,2026-02-23T05:43:00,3564.0
ORD000487,03/02/2026 22:11,C0092,P010,1,990.0,0.0,Mobile App,PAY000487,PromptPay,PAID,2026-02-03T23:18:00,990.0
ORD000489,21/02/2026 22:56,C0103,P010,1,990.0,0.0,Web,PAY000489,PromptPay,PAID,2026-02-21T23:12:00,990.0
ORD000490,05/02/2026 06:12,C0067,P028,1,299.0,0.0,Web,PAY000490,PromptPay,PAID,2026-02-05T09:10:00,299.0
ORD000492,18/02/2026 23:25,C0105,P014,1,990.0,0.0,Marketplace,PAY000492,PromptPay,PAID,2026-02-19T01:29:00,990.0
ORD000493,24/02/2026 06:43,C0140,P022,4,499.0,0.0,Web,PAY000493,Bank Transfer,PAID,2026-02-24T08:59:00,1996.0
ORD000494,21/02/2026 18:46,C0091,P025,1,24605.0,0.0,Marketplace,PAY000494,Bank Transfer,PAID,2026-02-21T20:31:00,24605.0
ORD000495,01/02/2026 10:05,C0016,P016,2,1490.0,0.05,Web,PAY000495,Bank Transfer,PAID,2026-02-01T12:28:00,2831.0
ORD000496,08/02/2026 04:50,C0007,P022,4,499.0,0.1,Web,PAY000496,Credit Card,PAID,2026-02-08T06:57:00,1796.4
ORD000498,06/02/2026 11:28,C0047,P003,2,24605.0,0.0,Marketplace,PAY000498,Credit Card,PAID,2026-02-06T12:55:00,49210.0
ORD000499,07/02/2026 15:12,C0157,P024,1,269.1,0.0,Mobile App,PAY000499,Credit Card,PAID,2026-02-07T18:08:00,269.1
ORD000501,27/02/2026 02:25,C0024,P001,1,284.05,0.0,Marketplace,PAY000501,Credit Card,PAID,2026-02-27T03:05:00,284.05
ORD000502,19/02/2026 12:08,C0013,P040,1,3591.0,0.1,Mobile App,PAY000502,PromptPay,PAID,2026-02-19T13:32:00,3231.9
ORD000503,10/02/2026 11:55,C0022,P030,4,474.05,0.0,Mobile App,PAY000503,Credit Card,PAID,2026-02-10T13:59:00,1896.2
ORD000504,18/02/2026 05:44,C0091,P005,2,313.95,0.0,Mobile App,PAY000504,Bank Transfer,PAID,2026-02-18T08:14:00,627.9
ORD000505,02/02/2026 01:42,C0148,P031,1,1341.0,0.0,Web,PAY000505,PromptPay,PAID,2026-02-02T04:01:00,1341.0
ORD000506,19/02/2026 13:26,C0153,P007,2,27195.0,0.0,Mobile App,PAY000506,PromptPay,PAID,2026-02-19T15:34:00,54390.0
ORD000507,24/02/2026 12:52,C0126,P011,1,25900.0,0.0,Web,PAY000507,PromptPay,PAID,2026-02-24T12:54:00,25900.0
ORD000508,20/02/2026 22:36,C0129,P009,3,299.0,0.0,Mobile App,PAY000508,Bank Transfer,PAID,2026-02-21T01:11:00,897.0
ORD000510,10/02/2026 22:52,C0153,P010,4,1039.5,0.0,Web,PAY000510,PromptPay,PAID,2026-02-10T23:17:00,4158.0
ORD000511,24/02/2026 16:52,C0106,P031,1,1490.0,0.1,Web,PAY000511,Bank Transfer,PAID,2026-02-24T17:18:00,1341.0
ORD000512,10/02/2026 17:11,C0036,P017,4,1039.5,0.05,Mobile App,PAY000512,Credit Card,PAID,2026-02-10T18:03:00,3950.1
ORD000513,25/02/2026 01:56,C0012,P022,1,474.05,0.0,Web,PAY000513,Bank Transfer,PAID,2026-02-25T02:57:00,474.05
ORD000514,03/02/2026 09:09,C0028,P023,3,313.95,0.05,Web,PAY000514,Credit Card,PAID,2026-02-03T10:51:00,894.7574999999998
ORD000515,02/02/2026 13:51,C0030,P012,3,990.0,0.1,Web,PAY000515,Bank Transfer,PAID,2026-02-02T16:29:00,2673.0
ORD000516,11/02/2026 03:07,C0047,P002,2,1341.0,0.1,Mobile App,PAY000516,PromptPay,PAID,2026-02-11T04:55:00,2413.8
ORD000517,01/02/2026 04:57,C0029,P003,3,25900.0,0.0,Marketplace,PAY000517,PromptPay,PAID,2026-02-01T07:07:00,77700.0
ORD000518,05/02/2026 13:30,C0110,P015,1,299.0,0.0,Marketplace,PAY000518,Credit Card,PAID,2026-02-05T14:49:00,299.0
ORD000519,26/02/2026 04:26,C0012,P033,1,12900.0,0.0,Mobile App,PAY000519,Bank Transfer,PAID,2026-02-26T06:37:00,12900.0
ORD000520,06/02/2026 15:46,C0114,P037,1,23310.0,0.1,Marketplace,PAY000520,Bank Transfer,PAID,2026-02-06T18:04:00,20979.0
ORD000521,08/02/2026 11:24,C0020,P017,1,990.0,0.0,Marketplace,PAY000521,PromptPay,PAID,2026-02-08T11:39:00,990.0
ORD000522,03/02/2026 16:16,C0159,P002,2,1490.0,0.1,Mobile App,PAY000522,Bank Transfer,PAID,2026-02-03T18:43:00,2682.0
ORD000523,13/02/2026 06:28,C0077,P032,2,25900.0,0.05,Marketplace,PAY000523,Bank Transfer,PAID,2026-02-13T07:08:00,49210.0
ORD000524,21/02/2026 20:40,C0140,P011,1,25900.0,0.05,Mobile App,PAY000524,PromptPay,PAID,2026-02-21T21:30:00,24605.0
ORD000525,06/02/2026 05:17,C0124,P040,1,3990.0,0.0,Marketplace,PAY000525,Credit Card,PAID,2026-02-06T07:54:00,3990.0
ORD000526,23/02/2026 05:53,C0140,P007,1,25900.0,0.0,Web,PAY000526,Bank Transfer,PAID,2026-02-23T07:06:00,25900.0
ORD000528,12/02/2026 17:29,C0118,P030,2,499.0,0.05,Marketplace,PAY000528,Credit Card,PAID,2026-02-12T17:43:00,948.0999999999999
ORD000529,18/02/2026 00:14,C0071,P039,2,1039.5,0.05,Web,PAY000529,Bank Transfer,PAID,2026-02-18T03:14:00,1975.05
ORD000530,06/02/2026 08:19,C0023,P036,1,299.0,0.0,Marketplace,PAY000530,PromptPay,PAID,2026-02-06T09:06:00,299.0
ORD000531,28/02/2026 13:46,C0009,P035,1,25900.0,0.1,Marketplace,PAY000531,Bank Transfer,PAID,2026-02-28T15:31:00,23310.0
ORD000533,25/02/2026 22:30,C0117,P035,2,25900.0,0.1,Mobile App,PAY000533,Bank Transfer,PAID,2026-02-26T00:07:00,46620.0
ORD000534,17/02/2026 15:31,C0134,P015,1,313.95,0.0,Marketplace,PAY000534,Bank Transfer,PAID,2026-02-17T16:22:00,313.95
ORD000535,05/02/2026 23:37,C0068,P018,1,3790.5,0.1,Mobile App,PAY000535,Credit Card,PAID,2026-02-06T02:27:00,3411.4500000000003
ORD000536,03/02/2026 06:33,C0015,P013,2,499.0,0.0,Mobile App,PAY000536,Credit Card,PAID,2026-02-03T07:43:00,998.0
ORD000537,16/02/2026 23:58,C0073,P031,1,1490.0,0.05,Web,PAY000537,Credit Card,PAID,2026-02-17T01:55:00,1415.5
ORD000538,20/02/2026 19:01,C0133,P015,3,269.1,0.1,Mobile App,PAY000538,Bank Transfer,PAID,2026-02-20T20:34:00,726.57
ORD000539,23/02/2026 19:29,C0003,P001,1,284.05,0.0,Marketplace,PAY000539,Bank Transfer,PAID,2026-02-23T20:24:00,284.05
ORD000540,14/02/2026 08:20,C0017,P029,1,3790.5,0.1,Marketplace,PAY000540,Bank Transfer,PAID,2026-02-14T08:44:00,3411.4500000000003
ORD000541,10/02/2026 16:41,C0094,P030,1,499.0,0.0,Web,PAY000541,PromptPay,PAID,2026-02-10T17:08:00,499.0
ORD000542,15/02/2026 18:56,C0030,P021,1,27195.0,0.1,Marketplace,PAY000542,Bank Transfer,PAID,2026-02-15T21:18:00,24475.5
ORD000543,23/02/2026 13:02,C0108,P022,4,449.1,0.0,Web,PAY000543,PromptPay,PAID,2026-02-23T15:46:00,1796.4
ORD000544,21/02/2026 01:50,C0125,P022,1,499.0,0.0,Mobile App,PAY000544,Bank Transfer,PAID,2026-02-21T01:59:00,499.0
ORD000545,15/02/2026 21:06,C0148,P010,2,990.0,0.0,Marketplace,PAY000545,Bank Transfer,PAID,2026-02-15T23:59:00,1980.0
ORD000546,13/02/2026 10:01,C0004,P016,1,1415.5,0.0,Marketplace,PAY000546,Credit Card,PAID,2026-02-13T12:28:00,1415.5
ORD000547,08/02/2026 07:16,C0008,P039,1,940.5,0.0,Web,PAY000547,PromptPay,PAID,2026-02-08T09:07:00,940.5
ORD000548,25/02/2026 01:20,C0121,P007,1,24605.0,0.0,Mobile App,PAY000548,Credit Card,PAID,2026-02-25T02:01:00,24605.0
ORD000551,10/02/2026 16:42,C0105,P005,2,313.95,0.1,Marketplace,PAY000551,Credit Card,PAID,2026-02-10T17:37:00,565.11
ORD000552,06/02/2026 04:25,C0066,P004,1,1490.0,0.1,Web,PAY000552,Credit Card,PAID,2026-02-06T04:31:00,1341.0
ORD000554,19/02/2026 09:59,C0028,P010,1,891.0,0.1,Marketplace,PAY000554,PromptPay,PAID,2026-02-19T12:46:00,801.9
ORD000555,05/02/2026 00:05,C0085,P007,4,25900.0,0.05,Marketplace,PAY000555,PromptPay,PAID,2026-02-05T00:49:00,98420.0
ORD000556,07/02/2026 07:32,C0004,P032,2,23310.0,0.0,Marketplace,PAY000556,PromptPay,PAID,2026-02-07T09:10:00,46620.0
ORD000557,06/02/2026 22:59,C0065,P025,4,27195.0,0.05,Marketplace,PAY000557,Credit Card,PAID,2026-02-07T01:48:00,103341.0
ORD000558,17/02/2026 17:23,C0052,P034,2,313.95,0.1,Marketplace,PAY000558,Credit Card,PAID,2026-02-17T18:58:00,565.11
ORD000559,26/02/2026 16:49,C0123,P028,1,269.1,0.0,Marketplace,PAY000559,PromptPay,PAID,2026-02-26T19:06:00,269.1
ORD000560,22/02/2026 20:33,C0151,P005,4,284.05,0.0,Mobile App,PAY000560,PromptPay,PAID,2026-02-22T22:23:00,1136.2
ORD000561,19/02/2026 10:31,C0005,P014,1,940.5,0.1,Mobile App,PAY000561,PromptPay,PAID,2026-02-19T11:12:00,846.45
ORD000562,28/02/2026 19:55,C0074,P019,1,4189.5,0.1,Marketplace,PAY000562,Credit Card,PAID,2026-02-28T19:58:00,3770.55
ORD000563,08/02/2026 03:06,C0125,P037,4,23310.0,0.0,Marketplace,PAY000563,PromptPay,PAID,2026-02-08T06:03:00,93240.0
ORD000564,18/02/2026 21:40,C0147,P023,4,299.0,0.0,Mobile App,PAY000564,Bank Transfer,PAID,2026-02-18T22:15:00,1196.0
ORD000565,03/02/2026 17:43,C0132,P029,1,3990.0,0.0,Web,PAY000565,Credit Card,PAID,2026-02-03T18:29:00,3990.0
ORD000566,04/02/2026 22:02,C0154,P020,3,523.95,0.0,Marketplace,PAY000566,Bank Transfer,PAID,2026-02-05T00:53:00,1571.8500000000001
ORD000567,09/02/2026 01:16,C0059,P017,3,990.0,0.05,Mobile App,PAY000567,Credit Card,PAID,2026-02-09T03:19:00,2821.5
ORD000568,08/02/2026 23:09,C0108,P008,2,474.05,0.1,Web,PAY000568,Credit Card,PAID,2026-02-09T01:35:00,853.2900000000001
ORD000569,19/02/2026 22:57,C0113,P010,2,891.0,0.05,Marketplace,PAY000569,Bank Transfer,PAID,2026-02-19T23:27:00,1692.8999999999999
ORD000570,01/02/2026 02:53,C0030,P014,1,1039.5,0.0,Marketplace,PAY000570,PromptPay,PAID,2026-02-01T04:22:00,1039.5
ORD000571,10/02/2026 19:27,C0040,P005,1,299.0,0.0,Mobile App,PAY000571,Bank Transfer,PAID,2026-02-10T21:38:00,299.0
ORD000574,03/02/2026 11:10,C0010,P022,3,499.0,0.0,Mobile App,PAY000574,Bank Transfer,PAID,2026-02-03T11:32:00,1497.0
ORD000575,22/02/2026 06:29,C0154,P015,3,284.05,0.0,Marketplace,PAY000575,Bank Transfer,PAID,2026-02-22T07:41:00,852.1500000000001
ORD000576,27/02/2026 01:43,C0014,P003,2,27195.0,0.0,Mobile App,PAY000576,PromptPay,PAID,2026-02-27T02:04:00,54390.0
ORD000577,28/02/2026 21:05,C0030,P020,1,449.1,0.0,Mobile App,PAY000577,Bank Transfer,PAID,2026-02-28T22:47:00,449.1
ORD000578,09/02/2026 03:11,C0039,P003,4,23310.0,0.05,Marketplace,PAY000578,PromptPay,PAID,2026-02-09T05:17:00,88578.0
ORD000579,08/02/2026 06:46,C0086,P001,2,269.1,0.0,Mobile App,PAY000579,Credit Card,PAID,2026-02-08T08:16:00,538.2
ORD000580,26/02/2026 23:03,C0110,P033,2,11610.0,0.0,Web,PAY000580,Bank Transfer,PAID,2026-02-26T23:54:00,23220.0
ORD000581,19/02/2026 23:30,C0036,P017,2,990.0,0.05,Marketplace,PAY000581,Credit Card,PAID,2026-02-20T00:05:00,1881.0
ORD000582,06/02/2026 04:51,C0134,P016,2,1415.5,0.0,Mobile App,PAY000582,PromptPay,PAID,2026-02-06T07:43:00,2831.0
ORD000583,19/02/2026 14:04,C0025,P032,2,27195.0,0.0,Web,PAY000583,PromptPay,PAID,2026-02-19T14:16:00,54390.0
ORD000584,18/02/2026 20:32,C0039,P027,3,25900.0,0.1,Marketplace,PAY000584,PromptPay,PAID,2026-02-18T21:27:00,69930.0
ORD000585,23/02/2026 05:34,C0028,P028,2,299.0,0.1,Web,PAY000585,Bank Transfer,PAID,2026-02-23T06:15:00,538.2
ORD000586,25/02/2026 15:32,C0133,P017,4,891.0,0.0,Mobile App,PAY000586,PromptPay,PAID,2026-02-25T15:50:00,3564.0
ORD000587,27/02/2026 14:35,C0153,P015,1,299.0,0.1,Mobile App,PAY000587,Credit Card,PAID,2026-02-27T15:37:00,269.1
ORD000588,10/02/2026 23:33,C0038,P032,1,23310.0,0.0,Mobile App,PAY000588,PromptPay,PAID,2026-02-11T01:52:00,23310.0
ORD000589,28/02/2026 02:47,C0031,P038,1,12255.0,0.0,Mobile App,PAY000589,Credit Card,PAID,2026-02-28T03:15:00,12255.0
ORD000590,27/02/2026 17:19,C0139,P021,1,23310.0,0.0,Marketplace,PAY000590,Bank Transfer,PAID,2026-02-27T17:53:00,23310.0
ORD000591,14/02/2026 09:53,C0039,P017,1,990.0,0.0,Marketplace,PAY000591,PromptPay,PAID,2026-02-14T11:09:00,990.0
ORD000592,14/02/2026 17:35,C0094,P011,2,27195.0,0.0,Marketplace,PAY000592,Bank Transfer,PAID,2026-02-14T17:48:00,54390.0
ORD000593,13/02/2026 02:48,C0110,P009,2,299.0,0.0,Web,PAY000593,Credit Card,PAID,2026-02-13T05:11:00,598.0
ORD000594,10/02/2026 13:19,C0101,P005,1,299.0,0.0,Marketplace,PAY000594,PromptPay,PAID,2026-02-10T13:28:00,299.0
ORD000596,12/02/2026 21:25,C0025,P013,2,474.05,0.05,Web,PAY000596,PromptPay,PAID,2026-02-13T00:02:00,900.6949999999999
ORD000597,02/02/2026 14:46,C0091,P022,1,499.0,0.05,Marketplace,PAY000597,Credit Card,PAID,2026-02-02T16:50:00,474.04999999999995
ORD000598,13/02/2026 05:42,C0082,P038,1,13545.0,0.0,Marketplace,PAY000598,Bank Transfer,PAID,2026-02-13T07:41:00,13545.0
ORD000600,22/02/2026 18:07,C0096,P014,2,990.0,0.05,Web,PAY000600,Credit Card,PAID,2026-02-22T19:47:00,1881.0
ORD000601,03/02/2026 10:36,C0149,P037,2,24605.0,0.0,Mobile App,PAY000601,Credit Card,PAID,2026-02-03T12:47:00,49210.0
ORD000602,10/02/2026 17:55,C0124,P025,1,24605.0,0.0,Mobile App,PAY000602,Credit Card,PAID,2026-02-10T19:16:00,24605.0
ORD000603,23/02/2026 09:04,C0048,P027,1,27195.0,0.0,Web,PAY000603,PromptPay,PAID,2026-02-23T09:59:00,27195.0
ORD000604,20/02/2026 19:17,C0137,P025,2,25900.0,0.1,Web,PAY000604,Credit Card,PAID,2026-02-20T21:46:00,46620.0
ORD000605,09/02/2026 09:07,C0095,P001,2,269.1,0.05,Mobile App,PAY000605,PromptPay,PAID,2026-02-09T10:44:00,511.29
ORD000606,24/02/2026 08:24,C0132,P039,2,891.0,0.05,Marketplace,PAY000606,Credit Card,PAID,2026-02-24T11:10:00,1692.8999999999999
ORD000608,21/02/2026 21:51,C0082,P035,2,27195.0,0.1,Marketplace,PAY000608,PromptPay,PAID,2026-02-22T00:51:00,48951.0
ORD000609,09/02/2026 00:21,C0122,P014,4,1039.5,0.0,Web,PAY000609,PromptPay,PAID,2026-02-09T02:10:00,4158.0
ORD000610,17/02/2026 22:24,C0141,P006,1,299.0,0.05,Mobile App,PAY000610,PromptPay,PAID,2026-02-17T23:24:00,284.05
ORD000611,11/02/2026 09:32,C0063,P035,1,25900.0,0.0,Mobile App,PAY000611,Bank Transfer,PAID,2026-02-11T10:58:00,25900.0
ORD000612,14/02/2026 05:20,C0139,P002,1,1341.0,0.0,Marketplace,PAY000612,Bank Transfer,PAID,2026-02-14T06:02:00,1341.0
ORD000613,21/02/2026 20:52,C0082,P013,3,449.1,0.0,Marketplace,PAY000613,Credit Card,PAID,2026-02-21T21:50:00,1347.3000000000002
ORD000615,27/02/2026 07:01,C0136,P003,4,24605.0,0.05,Mobile App,PAY000615,Credit Card,PAID,2026-02-27T08:15:00,93499.0
ORD000616,01/02/2026 10:24,C0144,P040,2,3990.0,0.0,Marketplace,PAY000616,Credit Card,PAID,2026-02-01T10:58:00,7980.0
ORD000617,25/02/2026 15:46,C0008,P017,2,891.0,0.1,Marketplace,PAY000617,PromptPay,PAID,2026-02-25T17:01:00,1603.8
ORD000618,24/02/2026 20:02,C0100,P004,1,1415.5,0.0,Marketplace,PAY000618,Bank Transfer,PAID,2026-02-24T22:35:00,1415.5
ORD000619,09/02/2026 12:09,C0126,P012,1,990.0,0.1,Marketplace,PAY000619,Bank Transfer,PAID,2026-02-09T14:23:00,891.0
ORD000620,27/02/2026 03:47,C0020,P003,2,27195.0,0.0,Marketplace,PAY000620,PromptPay,PAID,2026-02-27T04:26:00,54390.0
ORD000622,26/02/2026 00:13,C0100,P001,3,299.0,0.0,Web,PAY000622,PromptPay,PAID,2026-02-26T03:04:00,897.0
ORD000623,14/02/2026 06:18,C0151,P017,1,940.5,0.0,Web,PAY000623,Bank Transfer,PAID,2026-02-14T09:10:00,940.5
ORD000624,11/02/2026 05:25,C0120,P038,1,11610.0,0.0,Web,PAY000624,PromptPay,PAID,2026-02-11T05:37:00,11610.0
ORD000625,10/02/2026 10:36,C0065,P026,2,11610.0,0.05,Web,PAY000625,PromptPay,PAID,2026-02-10T11:20:00,22059.0
ORD000626,17/02/2026 05:04,C0047,P010,3,1039.5,0.05,Mobile App,PAY000626,Credit Card,PAID,2026-02-17T06:19:00,2962.575
ORD000627,15/02/2026 14:31,C0068,P013,1,474.05,0.1,Marketplace,PAY000627,Bank Transfer,PAID,2026-02-15T15:42:00,426.64500000000004
ORD000628,13/02/2026 21:25,C0137,P010,3,990.0,0.0,Mobile App,PAY000628,Credit Card,PAID,2026-02-13T22:24:00,2970.0
ORD000629,10/02/2026 18:31,C0086,P036,2,284.05,0.0,Mobile App,PAY000629,Bank Transfer,PAID,2026-02-10T20:55:00,568.1
ORD000630,06/02/2026 04:23,C0040,P022,3,499.0,0.0,Mobile App,PAY000630,Credit Card,PAID,2026-02-06T04:47:00,1497.0
ORD000632,21/02/2026 11:31,C0014,P004,4,1564.5,0.05,Marketplace,PAY000632,Credit Card,PAID,2026-02-21T14:12:00,5945.099999999999
ORD000633,05/02/2026 21:07,C0130,P014,1,940.5,0.0,Web,PAY000633,PromptPay,PAID,2026-02-05T21:19:00,940.5
ORD000634,12/02/2026 10:16,C0023,P025,3,25900.0,0.05,Marketplace,PAY000634,PromptPay,PAID,2026-02-12T11:16:00,73815.0
ORD000635,21/02/2026 15:49,C0028,P006,3,313.95,0.0,Marketplace,PAY000635,Bank Transfer,PAID,2026-02-21T17:58:00,941.8499999999999
ORD000636,21/02/2026 07:26,C0071,P013,1,499.0,0.1,Web,PAY000636,Bank Transfer,PAID,2026-02-21T10:21:00,449.1
ORD000637,04/02/2026 08:39,C0041,P015,1,299.0,0.0,Marketplace,PAY000637,Bank Transfer,PAID,2026-02-04T09:15:00,299.0
ORD000638,03/02/2026 23:38,C0012,P012,4,990.0,0.0,Mobile App,PAY000638,PromptPay,PAID,2026-02-04T01:43:00,3960.0
ORD000639,02/02/2026 17:17,C0017,P007,4,27195.0,0.0,Web,PAY000639,Credit Card,PAID,2026-02-02T17:30:00,108780.0
ORD000640,28/02/2026 14:41,C0027,P002,2,1490.0,0.1,Web,PAY000640,PromptPay,PAID,2026-02-28T17:35:00,2682.0
ORD000641,16/02/2026 20:20,C0086,P023,3,269.1,0.0,Marketplace,PAY000641,PromptPay,PAID,2026-02-16T21:16:00,807.3000000000001
ORD000642,12/02/2026 09:47,C0047,P001,1,269.1,0.05,Mobile App,PAY000642,Credit Card,PAID,2026-02-12T10:21:00,255.645
ORD000643,16/02/2026 00:40,C0087,P026,1,12255.0,0.0,Marketplace,PAY000643,Credit Card,PAID,2026-02-16T00:44:00,12255.0
ORD000644,06/02/2026 08:04,C0112,P014,2,990.0,0.1,Web,PAY000644,Credit Card,PAID,2026-02-06T10:59:00,1782.0
ORD000645,27/02/2026 00:09,C0017,P029,2,3990.0,0.05,Web,PAY000645,Bank Transfer,PAID,2026-02-27T02:28:00,7581.0
ORD000646,08/02/2026 12:53,C0136,P001,1,269.1,0.0,Mobile App,PAY000646,Bank Transfer,PAID,2026-02-08T13:48:00,269.1
ORD000647,26/02/2026 20:49,C0071,P024,2,313.95,0.05,Marketplace,PAY000647,PromptPay,PAID,2026-02-26T23:26:00,596.505
ORD000648,19/02/2026 14:29,C0078,P012,2,990.0,0.0,Mobile App,PAY000648,Bank Transfer,PAID,2026-02-19T16:30:00,1980.0
ORD000649,10/02/2026 11:21,C0090,P001,2,269.1,0.1,Web,PAY000649,Credit Card,PAID,2026-02-10T12:17:00,484.38000000000005
ORD000650,17/02/2026 19:43,C0080,P003,2,25900.0,0.0,Mobile App,PAY000650,Bank Transfer,PAID,2026-02-17T21:07:00,51800.0
ORD000651,06/02/2026 13:24,C0104,P039,1,940.5,0.1,Web,PAY000651,PromptPay,PAID,2026-02-06T13:31:00,846.45
ORD000652,11/02/2026 02:58,C0034,P008,2,499.0,0.0,Web,PAY000652,Credit Card,PAID,2026-02-11T03:34:00,998.0
ORD000653,18/02/2026 19:13,C0120,P003,3,27195.0,0.0,Marketplace,PAY000653,Credit Card,PAID,2026-02-18T21:12:00,81585.0
ORD000655,14/02/2026 06:50,C0085,P037,1,25900.0,0.0,Web,PAY000655,Bank Transfer,PAID,2026-02-14T08:20:00,25900.0
ORD000656,26/02/2026 21:00,C0007,P011,4,24605.0,0.0,Web,PAY000656,Bank Transfer,PAID,2026-02-26T23:17:00,98420.0
ORD000657,02/02/2026 21:06,C0064,P033,4,12900.0,0.0,Mobile App,PAY000657,PromptPay,PAID,2026-02-02T23:18:00,51600.0
ORD000658,18/02/2026 19:31,C0154,P008,3,499.0,0.0,Web,PAY000658,Bank Transfer,PAID,2026-02-18T19:32:00,1497.0
ORD000660,01/02/2026 21:46,C0081,P012,2,891.0,0.0,Marketplace,PAY000660,PromptPay,PAID,2026-02-01T22:31:00,1782.0
ORD000662,18/02/2026 23:53,C0001,P031,2,1415.5,0.1,Marketplace,PAY000662,Bank Transfer,PAID,2026-02-19T00:05:00,2547.9
ORD000663,03/02/2026 04:45,C0098,P020,1,449.1,0.05,Mobile App,PAY000663,PromptPay,PAID,2026-02-03T07:18:00,426.645
ORD000664,21/02/2026 00:03,C0054,P029,1,4189.5,0.1,Marketplace,PAY000664,Bank Transfer,PAID,2026-02-21T01:11:00,3770.55
ORD000665,14/02/2026 14:26,C0072,P013,4,474.05,0.1,Mobile App,PAY000665,Bank Transfer,PAID,2026-02-14T15:08:00,1706.5800000000002
ORD000666,10/02/2026 02:24,C0011,P016,1,1564.5,0.0,Marketplace,PAY000666,Bank Transfer,PAID,2026-02-10T04:56:00,1564.5
ORD000668,07/02/2026 19:17,C0056,P030,1,499.0,0.0,Mobile App,PAY000668,Bank Transfer,PAID,2026-02-07T19:23:00,499.0
ORD000669,27/02/2026 16:22,C0071,P018,1,3591.0,0.0,Marketplace,PAY000669,PromptPay,PAID,2026-02-27T17:20:00,3591.0
ORD000670,21/02/2026 19:23,C0024,P032,1,24605.0,0.0,Mobile App,PAY000670,Credit Card,PAID,2026-02-21T21:38:00,24605.0
ORD000671,17/02/2026 10:22,C0002,P019,2,3990.0,0.1,Marketplace,PAY000671,Bank Transfer,PAID,2026-02-17T13:19:00,7182.0
ORD000672,13/02/2026 21:25,C0092,P001,1,269.1,0.1,Marketplace,PAY000672,PromptPay,PAID,2026-02-14T00:09:00,242.19000000000003
ORD000673,25/02/2026 00:45,C0041,P029,1,3990.0,0.0,Mobile App,PAY000673,PromptPay,PAID,2026-02-25T02:48:00,3990.0
ORD000674,09/02/2026 10:08,C0057,P013,3,449.1,0.05,Marketplace,PAY000674,Credit Card,PAID,2026-02-09T12:19:00,1279.9350000000002
ORD000675,09/02/2026 12:58,C0116,P025,1,25900.0,0.05,Web,PAY000675,Bank Transfer,PAID,2026-02-09T13:57:00,24605.0
ORD000676,15/02/2026 08:26,C0137,P028,2,284.05,0.0,Marketplace,PAY000676,Bank Transfer,PAID,2026-02-15T08:44:00,568.1
ORD000677,22/02/2026 18:44,C0002,P018,2,3790.5,0.0,Marketplace,PAY000677,Bank Transfer,PAID,2026-02-22T18:47:00,7581.0
ORD000678,13/02/2026 15:53,C0098,P022,1,499.0,0.0,Marketplace,PAY000678,Credit Card,PAID,2026-02-13T18:51:00,499.0
ORD000679,02/02/2026 07:10,C0140,P036,2,269.1,0.0,Marketplace,PAY000679,PromptPay,PAID,2026-02-02T07:29:00,538.2
ORD000680,24/02/2026 19:32,C0096,P003,1,25900.0,0.0,Marketplace,PAY000680,PromptPay,PAID,2026-02-24T21:25:00,25900.0
ORD000682,09/02/2026 05:17,C0021,P020,4,474.05,0.05,Web,PAY000682,Credit Card,PAID,2026-02-09T07:25:00,1801.3899999999999
ORD000683,13/02/2026 15:47,C0101,P004,1,1490.0,0.0,Marketplace,PAY000683,Credit Card,PAID,2026-02-13T17:36:00,1490.0
ORD000684,02/02/2026 09:17,C0106,P002,1,1490.0,0.0,Web,PAY000684,Bank Transfer,PAID,2026-02-02T11:30:00,1490.0
ORD000685,13/02/2026 10:36,C0092,P010,1,940.5,0.0,Mobile App,PAY000685,PromptPay,PAID,2026-02-13T13:32:00,940.5
ORD000686,20/02/2026 03:36,C0121,P026,4,12900.0,0.0,Marketplace,PAY000686,PromptPay,PAID,2026-02-20T04:25:00,51600.0
ORD000687,05/02/2026 06:30,C0001,P026,1,13545.0,0.0,Web,PAY000687,Credit Card,PAID,2026-02-05T06:53:00,13545.0
ORD000688,08/02/2026 15:59,C0131,P016,1,1490.0,0.1,Marketplace,PAY000688,Credit Card,PAID,2026-02-08T16:25:00,1341.0
ORD000689,02/02/2026 18:44,C0104,P022,4,449.1,0.0,Web,PAY000689,Credit Card,PAID,2026-02-02T19:22:00,1796.4
ORD000690,21/02/2026 07:13,C0093,P035,2,24605.0,0.0,Mobile App,PAY000690,Bank Transfer,PAID,2026-02-21T09:01:00,49210.0
ORD000691,14/02/2026 20:23,C0152,P022,1,499.0,0.1,Web,PAY000691,PromptPay,PAID,2026-02-14T21:02:00,449.1
ORD000692,13/02/2026 12:15,C0124,P008,1,499.0,0.0,Mobile App,PAY000692,Bank Transfer,PAID,2026-02-13T12:59:00,499.0
ORD000693,16/02/2026 18:58,C0071,P024,2,313.95,0.0,Marketplace,PAY000693,Bank Transfer,PAID,2026-02-16T20:43:00,627.9
ORD000694,19/02/2026 11:27,C0102,P025,3,23310.0,0.0,Web,PAY000694,Bank Transfer,PAID,2026-02-19T14:01:00,69930.0
ORD000695,26/02/2026 01:31,C0032,P036,2,284.05,0.0,Web,PAY000695,PromptPay,PAID,2026-02-26T04:05:00,568.1
ORD000696,04/02/2026 06:18,C0134,P016,1,1415.5,0.05,Mobile App,PAY000696,PromptPay,PAID,2026-02-04T07:21:00,1344.725
ORD000697,25/02/2026 13:43,C0031,P030,4,523.95,0.05,Web,PAY000697,Bank Transfer,PAID,2026-02-25T15:42:00,1991.01
ORD000698,16/02/2026 10:04,C0089,P024,4,269.1,0.1,Web,PAY000698,Credit Card,PAID,2026-02-16T11:36:00,968.7600000000001
ORD000699,22/02/2026 10:52,C0086,P012,3,891.0,0.0,Mobile App,PAY000699,Credit Card,PAID,2026-02-22T11:25:00,2673.0
ORD000702,18/02/2026 09:00,C0045,P027,1,23310.0,0.05,Mobile App,PAY000702,Bank Transfer,PAID,2026-02-18T09:33:00,22144.5
ORD000703,23/02/2026 17:10,C0128,P007,2,23310.0,0.0,Marketplace,PAY000703,PromptPay,PAID,2026-02-23T19:02:00,46620.0
ORD000704,25/02/2026 10:21,C0056,P029,2,3790.5,0.0,Marketplace,PAY000704,PromptPay,PAID,2026-02-25T11:15:00,7581.0
ORD000706,24/02/2026 16:43,C0122,P015,3,313.95,0.1,Mobile App,PAY000706,Bank Transfer,PAID,2026-02-24T17:19:00,847.665
ORD000707,08/02/2026 09:26,C0048,P032,1,23310.0,0.1,Web,PAY000707,PromptPay,PAID,2026-02-08T12:10:00,20979.0
ORD000708,02/02/2026 20:37,C0036,P013,4,499.0,0.0,Mobile App,PAY000708,PromptPay,PAID,2026-02-02T22:51:00,1996.0
ORD000709,18/02/2026 10:54,C0119,P011,4,24605.0,0.1,Web,PAY000709,PromptPay,PAID,2026-02-18T11:51:00,88578.0
ORD000710,04/02/2026 05:58,C0032,P013,2,523.95,0.0,Web,PAY000710,PromptPay,PAID,2026-02-04T07:11:00,1047.9
ORD000711,05/02/2026 05:48,C0002,P009,3,313.95,0.0,Marketplace,PAY000711,Credit Card,PAID,2026-02-05T08:36:00,941.8499999999999
ORD000712,27/02/2026 12:33,C0081,P029,2,3990.0,0.1,Marketplace,PAY000712,Bank Transfer,PAID,2026-02-27T14:34:00,7182.0
ORD000713,18/02/2026 09:46,C0035,P030,2,499.0,0.1,Marketplace,PAY000713,PromptPay,PAID,2026-02-18T11:38:00,898.2
ORD000715,24/02/2026 12:52,C0150,P023,1,313.95,0.0,Web,PAY000715,Credit Card,PAID,2026-02-24T14:54:00,313.95
ORD000716,19/02/2026 23:59,C0050,P001,1,299.0,0.05,Mobile App,PAY000716,Bank Transfer,PAID,2026-02-20T00:10:00,284.05
ORD000717,08/02/2026 11:06,C0115,P032,4,25900.0,0.05,Marketplace,PAY000717,Bank Transfer,PAID,2026-02-08T12:25:00,98420.0
ORD000718,20/02/2026 02:41,C0011,P012,1,940.5,0.0,Marketplace,PAY000718,Credit Card,PAID,2026-02-20T04:48:00,940.5
ORD000719,06/02/2026 13:15,C0158,P039,1,940.5,0.0,Mobile App,PAY000719,Bank Transfer,PAID,2026-02-06T15:41:00,940.5
ORD000720,23/02/2026 23:02,C0057,P039,4,940.5,0.0,Web,PAY000720,Credit Card,PAID,2026-02-24T00:28:00,3762.0
ORD000721,09/02/2026 12:51,C0032,P010,3,990.0,0.0,Web,PAY000721,Credit Card,PAID,2026-02-09T14:42:00,2970.0
ORD000722,04/02/2026 10:53,C0035,P019,1,4189.5,0.0,Mobile App,PAY000722,Credit Card,PAID,2026-02-04T11:07:00,4189.5
ORD000723,16/02/2026 16:06,C0112,P006,2,284.05,0.0,Mobile App,PAY000723,PromptPay,PAID,2026-02-16T18:26:00,568.1
ORD000724,12/02/2026 23:57,C0043,P018,1,3990.0,0.0,Web,PAY000724,Bank Transfer,PAID,2026-02-13T02:17:00,3990.0
ORD000725,24/02/2026 12:26,C0078,P020,1,499.0,0.0,Web,PAY000725,Credit Card,PAID,2026-02-24T12:33:00,499.0
ORD000726,15/02/2026 13:06,C0062,P036,1,313.95,0.0,Mobile App,PAY000726,PromptPay,PAID,2026-02-15T14:11:00,313.95
ORD000728,11/02/2026 00:52,C0111,P010,2,940.5,0.05,Web,PAY000728,Bank Transfer,PAID,2026-02-11T01:12:00,1786.9499999999998
ORD000729,16/02/2026 22:43,C0064,P040,3,3591.0,0.05,Mobile App,PAY000729,PromptPay,PAID,2026-02-17T01:19:00,10234.35
ORD000730,22/02/2026 02:03,C0042,P010,1,990.0,0.0,Web,PAY000730,Bank Transfer,PAID,2026-02-22T04:14:00,990.0
ORD000731,20/02/2026 20:06,C0156,P007,1,23310.0,0.0,Mobile App,PAY000731,PromptPay,PAID,2026-02-20T21:21:00,23310.0
ORD000732,22/02/2026 09:06,C0019,P021,2,25900.0,0.0,Mobile App,PAY000732,Credit Card,PAID,2026-02-22T10:46:00,51800.0
ORD000733,20/02/2026 07:18,C0030,P022,2,499.0,0.0,Marketplace,PAY000733,PromptPay,PAID,2026-02-20T09:18:00,998.0
ORD000735,16/02/2026 16:19,C0092,P032,1,25900.0,0.0,Web,PAY000735,Credit Card,PAID,2026-02-16T17:19:00,25900.0
ORD000736,27/02/2026 17:04,C0022,P003,1,25900.0,0.1,Mobile App,PAY000736,Bank Transfer,PAID,2026-02-27T18:57:00,23310.0
ORD000737,25/02/2026 13:07,C0003,P032,1,25900.0,0.0,Web,PAY000737,Credit Card,PAID,2026-02-25T13:39:00,25900.0
ORD000738,10/02/2026 06:24,C0105,P024,2,313.95,0.05,Mobile App,PAY000738,Bank Transfer,PAID,2026-02-10T07:53:00,596.505
ORD000739,10/02/2026 10:59,C0114,P035,2,27195.0,0.0,Marketplace,PAY000739,Credit Card,PAID,2026-02-10T13:35:00,54390.0
ORD000740,08/02/2026 18:37,C0012,P015,2,284.05,0.05,Marketplace,PAY000740,Bank Transfer,PAID,2026-02-08T18:49:00,539.695
ORD000741,19/02/2026 02:17,C0145,P024,2,313.95,0.0,Marketplace,PAY000741,PromptPay,PAID,2026-02-19T05:03:00,627.9
ORD000743,14/02/2026 15:45,C0041,P005,1,299.0,0.05,Marketplace,PAY000743,PromptPay,PAID,2026-02-14T17:19:00,284.05
ORD000744,26/02/2026 07:55,C0148,P026,1,12255.0,0.0,Mobile App,PAY000744,PromptPay,PAID,2026-02-26T10:43:00,12255.0
ORD000745,13/02/2026 18:44,C0045,P037,2,25900.0,0.0,Mobile App,PAY000745,Credit Card,PAID,2026-02-13T20:55:00,51800.0
ORD000746,24/02/2026 06:03,C0148,P011,1,27195.0,0.0,Marketplace,PAY000746,Bank Transfer,PAID,2026-02-24T07:16:00,27195.0
ORD000747,25/02/2026 20:17,C0147,P035,4,25900.0,0.05,Web,PAY000747,PromptPay,PAID,2026-02-25T20:28:00,98420.0
ORD000748,16/02/2026 22:38,C0150,P003,4,25900.0,0.05,Mobile App,PAY000748,Credit Card,PAID,2026-02-17T00:27:00,98420.0
ORD000749,27/02/2026 04:04,C0148,P024,2,269.1,0.05,Marketplace,PAY000749,PromptPay,PAID,2026-02-27T06:12:00,511.29
ORD000750,17/02/2026 15:20,C0115,P002,4,1490.0,0.0,Web,PAY000750,Credit Card,PAID,2026-02-17T17:50:00,5960.0
ORD000416,06/02/2026 05:45,C0109,P023,2,299.0,0.0,Mobile App,PAY000416,Bank Transfer,PAID,2026-02-06T07:35:00,598.0
